Workbook
Name Lookup_Sheets: 'Term staffing'!$AM$2:$AM$14
Name Lookup_Sheets: #REF!

Sheet Week 1
A1: Role (uploaded) | B1: Pager No (uploaded) | C1: Cost Centre (Not Used) | D1: Name (Not Used) | E1: Emp No | F1: Monday | G1: Tuesday | H1: Wednesday | I1: Thursday | J1: Friday | K1: Saturday | L1: Sunday | M1: ONCALL Workrule Code
A2: Date | F2: 46146 | G2: =F2+1 -> 46147 | H2: =G2+1 -> 46148 | I2: =H2+1 -> 46149 | J2: =I2+1 -> 46150 | K2: =J2+1 -> 46151 | L2: =K2+1 -> 46152
A3: Week | B3: 1
A4: PAY PERIOD WEEK | C4: 1 | D4: PAEDIATRIC EMERGENCY DEPARTMENT ROSTER - Term 2 2026
D6: AM SMS | F6: =COUNTIF(F$21:F$49,"0800-1???")-COUNTIFS(F$48,"0800-1???",$D$48,"Locum")-COUNTIFS(F$49,"0800-1???",$D$49,"Locum") -> 3 | G6: =COUNTIF(G$21:G$49,"0800-1???")-COUNTIFS(G$48,"0800-1???",$D$48,"Locum")-COUNTIFS(G$49,"0800-1???",$D$49,"Locum") -> 4 | H6: =COUNTIF(H$21:H$49,"0800-1???")-COUNTIFS(H$48,"0800-1???",$D$48,"Locum")-COUNTIFS(H$49,"0800-1???",$D$49,"Locum") -> 3 | I6: =COUNTIF(I$21:I$49,"0800-1???")-COUNTIFS(I$48,"0800-1???",$D$48,"Locum")-COUNTIFS(I$49,"0800-1???",$D$49,"Locum") -> 2 | J6: =COUNTIF(J$21:J$49,"0800-1???")-COUNTIFS(J$48,"0800-1???",$D$48,"Locum")-COUNTIFS(J$49,"0800-1???",$D$49,"Locum") -> 3 | K6: =COUNTIF(K$21:K$49,"0800-1???")-COUNTIFS(K$48,"0800-1???",$D$48,"Locum")-COUNTIFS(K$49,"0800-1???",$D$49,"Locum") -> 2 | L6: =COUNTIF(L$21:L$49,"0800-1???")-COUNTIFS(L$48,"0800-1???",$D$48,"Locum")-COUNTIFS(L$49,"0800-1???",$D$49,"Locum") -> 2
D7: AM JMS | F7: =COUNTIF(F$54:F$102,"0800-1???") -> 9 | G7: =COUNTIF(G$54:G$102,"0800-1???") -> 3 | H7: =COUNTIF(H$54:H$102,"0800-1???") -> 4 | I7: =COUNTIF(I$54:I$102,"0800-1???") -> 7 | J7: =COUNTIF(J$54:J$102,"0800-1???") -> 4 | K7: =COUNTIF(K$54:K$102,"0800-1???") -> 4 | L7: =COUNTIF(L$54:L$102,"0800-1???") -> 4
D8: AM Total | F8: =F6+F7 -> 12 | G8: =G6+G7 -> 7 | H8: =H6+H7 -> 7 | I8: =I6+I7 -> 9 | J8: =J6+J7 -> 7 | K8: =K6+K7 -> 6 | L8: =L6+L7 -> 6
D10: SMS Swing | F10: =COUNTIF(F$21:F$49,"1100-????")-COUNTIFS(F$48,"1100-????",$D$48,"Locum")-COUNTIFS(F$49,"1100-????",$D$49,"Locum") -> 0 | G10: =COUNTIF(G$21:G$49,"1100-????")-COUNTIFS(G$48,"1100-????",$D$48,"Locum")-COUNTIFS(G$49,"1100-????",$D$49,"Locum") -> 0 | H10: =COUNTIF(H$21:H$49,"1100-????")-COUNTIFS(H$48,"1100-????",$D$48,"Locum")-COUNTIFS(H$49,"1100-????",$D$49,"Locum") -> 0 | I10: =COUNTIF(I$21:I$49,"1100-????")-COUNTIFS(I$48,"1100-????",$D$48,"Locum")-COUNTIFS(I$49,"1100-????",$D$49,"Locum") -> 0 | J10: =COUNTIF(J$21:J$49,"1100-????")-COUNTIFS(J$48,"1100-????",$D$48,"Locum")-COUNTIFS(J$49,"1100-????",$D$49,"Locum") -> 0 | K10: =COUNTIF(K$21:K$49,"1100-????")-COUNTIFS(K$48,"1100-????",$D$48,"Locum")-COUNTIFS(K$49,"1100-????",$D$49,"Locum") -> 0 | L10: =COUNTIF(L$21:L$49,"1100-????")-COUNTIFS(L$48,"1100-????",$D$48,"Locum")-COUNTIFS(L$49,"1100-????",$D$49,"Locum") -> 0
D11: JMS Swing | F11: =COUNTIF(F$54:F$102,"1100-????") -> 0 | G11: =COUNTIF(G$54:G$102,"1100-????") -> 0 | H11: =COUNTIF(H$54:H$102,"1100-????") -> 0 | I11: =COUNTIF(I$54:I$102,"1100-????") -> 0 | J11: =COUNTIF(J$54:J$102,"1100-????") -> 0 | K11: =COUNTIF(K$54:K$102,"1100-????") -> 0 | L11: =COUNTIF(L$54:L$102,"1100-????") -> 0
D12: PM SMS | F12: =COUNTIF(F$21:F$49,"1???-00?0")-COUNTIFS(F$48,"1???-00?0",$D$48,"Locum")-COUNTIFS(F$49,"1???-00?0",$D$49,"Locum") -> 3 | G12: =COUNTIF(G$21:G$49,"1???-00?0")-COUNTIFS(G$48,"1???-00?0",$D$48,"Locum")-COUNTIFS(G$49,"1???-00?0",$D$49,"Locum") -> 3 | H12: =COUNTIF(H$21:H$49,"1???-00?0")-COUNTIFS(H$48,"1???-00?0",$D$48,"Locum")-COUNTIFS(H$49,"1???-00?0",$D$49,"Locum") -> 2 | I12: =COUNTIF(I$21:I$49,"1???-00?0")-COUNTIFS(I$48,"1???-00?0",$D$48,"Locum")-COUNTIFS(I$49,"1???-00?0",$D$49,"Locum") -> 3 | J12: =COUNTIF(J$21:J$49,"1???-00?0")-COUNTIFS(J$48,"1???-00?0",$D$48,"Locum")-COUNTIFS(J$49,"1???-00?0",$D$49,"Locum") -> 3 | K12: =COUNTIF(K$21:K$49,"1???-00?0")-COUNTIFS(K$48,"1???-00?0",$D$48,"Locum")-COUNTIFS(K$49,"1???-00?0",$D$49,"Locum") -> 2 | L12: =COUNTIF(L$21:L$49,"1???-00?0")-COUNTIFS(L$48,"1???-00?0",$D$48,"Locum")-COUNTIFS(L$49,"1???-00?0",$D$49,"Locum") -> 2
D13: PM JMS | F13: =COUNTIF(F$54:F$102,"1???-0000*") -> 9 | G13: =COUNTIF(G$54:G$102,"1???-0000*") -> 7 | H13: =COUNTIF(H$54:H$102,"1???-0000*") -> 5 | I13: =COUNTIF(I$54:I$102,"1???-0000*") -> 7 | J13: =COUNTIF(J$54:J$102,"1???-0000*") -> 7 | K13: =COUNTIF(K$54:K$102,"1???-0000*") -> 8 | L13: =COUNTIF(L$54:L$102,"1???-0000*") -> 8
D14: PM Total | F14: =F12+F13 -> 12 | G14: =G12+G13 -> 10 | H14: =H12+H13 -> 7 | I14: =I12+I13 -> 10 | J14: =J12+J13 -> 10 | K14: =K12+K13 -> 10 | L14: =L12+L13 -> 10
D16: Night | F16: =COUNTIF(F$54:F$99,"2300-0830") -> 4 | G16: =COUNTIF(G$54:G$99,"2300-0830") -> 4 | H16: =COUNTIF(H$54:H$99,"2300-0830") -> 4 | I16: =COUNTIF(I$54:I$99,"2300-0830") -> 4 | J16: =COUNTIF(J$54:J$99,"2300-0830") -> 5 | K16: =COUNTIF(K$54:K$99,"2300-0830") -> 5 | L16: =COUNTIF(L$54:L$99,"2300-0830") -> 5
D18: Name | E18: Emp No | F18: Monday | G18: Tuesday | H18: Wednesday | I18: Thursday | J18: Friday | K18: Saturday | L18: Sunday | N18: Weekly | O18: Leave | P18: Total | R18: PP | S18: PP Contracted
F19: =F2 -> 46146 | G19: =F19+1 -> 46147 | H19: =G19+1 -> 46148 | I19: =H19+1 -> 46149 | J19: =I19+1 -> 46150 | K19: =J19+1 -> 46151 | L19: =K19+1 -> 46152 | N19: (shifts) | O19: (shifts) | R19: (shifts) | S19: (shifts) | U19: AM | V19: PM | W19: CS | X19: Swing | Y19: Weekend
A20: Staff Specialist | D20: Staff Specialist
A21: Paediatric Emergency Consultant | D21: Dr Adam West | E21: =IFERROR(VLOOKUP(D21,'Employee Numbers'!$A$3:$B$84,2,FALSE),"NOT FOUND") -> 287628 | F21: 0800-1730 CS | G21: 0800-1730 CS | H21: 0800-1730 CS | J21: 1430-0000 | N21: {=((SUM(IFERROR((TEXT(IF(ISNUMBER(SEARCH("-", F21:L21)), MID(F21:L21, SEARCH("-", F21:L21) + 1, 4), ""), "00\:00") - TEXT(IF(ISNUMBER(SEARCH("-", F21:L21)), MID(F21:L21, SEARCH("-", F21:L21) - 4, 4), ""), "00\:00") + IF(TEXT(IF(ISNUMBER(SEARCH("-", F21:L21)), MID(F21:L21, SEARCH("-", F21:L21) + 1, 4), ""), "00\:00") < TEXT(IF(ISNUMBER(SEARCH("-", F21:L21)), MID(F21:L21, SEARCH("-", F21:L21) - 4, 4), ""), "00\:00"), 1, 0))*24,""))))/9.5} -> 4 | P21: =N21+O21 -> 4 | R21: =IF($C$4=1,SUM(P21+INDIRECT("'Week "&($B$3+1)&"'!P"&(ROW()))),IF($C$4=2,SUM(P21+INDIRECT("'Week "&($B$3-1)&"'!P"&(ROW()))))) -> 8 | S21: =(IFERROR(VLOOKUP(D21,'Employee Numbers'!$A$3:$C$84,3,FALSE),"NOT FOUND"))*8 -> 8 | U21: =COUNTIF(E21:K21,"0800-1730") -> 0 | V21: =COUNTIF(F21:L21,"1???-00?0") -> 1 | W21: =COUNTIF(F21:L21,"*0800-1730*CS*")+COUNTIF(F21:L21,"*0800-1730*DEMT*") -> 3 | Y21: =COUNTIF(K21:L21,"???0-*") -> 0
A22: Paediatric Emergency Consultant | D22: Dr Toby VanHest | E22: =IFERROR(VLOOKUP(D22,'Employee Numbers'!$A$3:$B$83,2,FALSE),"NOT FOUND") -> 609660 | F22: 0800-1730 CS | G22: 0800-1730 CS | K22: 0800-1730 | L22: 0800-1730 | N22: {=((SUM(IFERROR((TEXT(IF(ISNUMBER(SEARCH("-", F22:L22)), MID(F22:L22, SEARCH("-", F22:L22) + 1, 4), ""), "00\:00") - TEXT(IF(ISNUMBER(SEARCH("-", F22:L22)), MID(F22:L22, SEARCH("-", F22:L22) - 4, 4), ""), "00\:00") + IF(TEXT(IF(ISNUMBER(SEARCH("-", F22:L22)), MID(F22:L22, SEARCH("-", F22:L22) + 1, 4), ""), "00\:00") < TEXT(IF(ISNUMBER(SEARCH("-", F22:L22)), MID(F22:L22, SEARCH("-", F22:L22) - 4, 4), ""), "00\:00"), 1, 0))*24,""))))/9.5} -> 4 | P22: =N22+O22 -> 4 | R22: =IF($C$4=1,SUM(P22+INDIRECT("'Week "&($B$3+1)&"'!P"&(ROW()))),IF($C$4=2,SUM(P22+INDIRECT("'Week "&($B$3-1)&"'!P"&(ROW()))))) -> 8 | S22: =(IFERROR(VLOOKUP(D22,'Employee Numbers'!$A$3:$C$84,3,FALSE),"NOT FOUND"))*8 -> 8 | U22: =COUNTIF(E22:K22,"0800-1730") -> 1 | V22: =COUNTIF(F22:L22,"1???-00?0") -> 0 | W22: =COUNTIF(F22:L22,"*0800-1730*CS*")+COUNTIF(F22:L22,"*0800-1730*DEMT*") -> 2 | Y22: =COUNTIF(K22:L22,"???0-*") -> 2
A23: Paediatric Emergency Consultant | D23: Dr Bob Seith | E23: =IFERROR(VLOOKUP(D23,'Employee Numbers'!$A$3:$B$83,2,FALSE),"NOT FOUND") -> 610036 | F23: 0800-1730 DEMT | G23: 1430-0000 | H23: 1430-2300 | I23: 0800-1730CS | N23: {=((SUM(IFERROR((TEXT(IF(ISNUMBER(SEARCH("-", F23:L23)), MID(F23:L23, SEARCH("-", F23:L23) + 1, 4), ""), "00\:00") - TEXT(IF(ISNUMBER(SEARCH("-", F23:L23)), MID(F23:L23, SEARCH("-", F23:L23) - 4, 4), ""), "00\:00") + IF(TEXT(IF(ISNUMBER(SEARCH("-", F23:L23)), MID(F23:L23, SEARCH("-", F23:L23) + 1, 4), ""), "00\:00") < TEXT(IF(ISNUMBER(SEARCH("-", F23:L23)), MID(F23:L23, SEARCH("-", F23:L23) - 4, 4), ""), "00\:00"), 1, 0))*24,""))))/9.5} -> 3.8947368 | P23: =N23+O23 -> 3.8947368 | R23: =IF($C$4=1,SUM(P23+INDIRECT("'Week "&($B$3+1)&"'!P"&(ROW()))),IF($C$4=2,SUM(P23+INDIRECT("'Week "&($B$3-1)&"'!P"&(ROW()))))) -> 7.8947368 | S23: =(IFERROR(VLOOKUP(D23,'Employee Numbers'!$A$3:$C$84,3,FALSE),"NOT FOUND"))*8 -> 8 | U23: =COUNTIF(E23:K23,"0800-1730") -> 0 | V23: =COUNTIF(F23:L23,"1???-00?0") -> 1 | W23: =COUNTIF(F23:L23,"*0800-1730*CS*")+COUNTIF(F23:L23,"*0800-1730*DEMT*") -> 2 | Y23: =COUNTIF(K23:L23,"???0-*") -> 0
A24: Paediatric Emergency Consultant | D24: Dr Simon Craig | E24: =IFERROR(VLOOKUP(D24,'Employee Numbers'!$A$3:$B$83,2,FALSE),"NOT FOUND") -> 533509 | F24: SAB/L | G24: SAB/L | H24: SAB/L | I24: SAB/L | J24: SAB/L | K24: SAB/L | L24: SAB/L | N24: {=((SUM(IFERROR((TEXT(IF(ISNUMBER(SEARCH("-", F24:L24)), MID(F24:L24, SEARCH("-", F24:L24) + 1, 4), ""), "00\:00") - TEXT(IF(ISNUMBER(SEARCH("-", F24:L24)), MID(F24:L24, SEARCH("-", F24:L24) - 4, 4), ""), "00\:00") + IF(TEXT(IF(ISNUMBER(SEARCH("-", F24:L24)), MID(F24:L24, SEARCH("-", F24:L24) + 1, 4), ""), "00\:00") < TEXT(IF(ISNUMBER(SEARCH("-", F24:L24)), MID(F24:L24, SEARCH("-", F24:L24) - 4, 4), ""), "00\:00"), 1, 0))*24,""))))/9.5} -> 0 | P24: =N24+O24 -> 0 | R24: =IF($C$4=1,SUM(P24+INDIRECT("'Week "&($B$3+1)&"'!P"&(ROW()))),IF($C$4=2,SUM(P24+INDIRECT("'Week "&($B$3-1)&"'!P"&(ROW()))))) -> 0 | S24: =(IFERROR(VLOOKUP(D24,'Employee Numbers'!$A$3:$C$84,3,FALSE),"NOT FOUND"))*8 -> 0 | U24: =COUNTIF(E24:K24,"0800-1730") -> 0 | V24: =COUNTIF(F24:L24,"1???-00?0") -> 0 | W24: =COUNTIF(F24:L24,"*0800-1730*CS*")+COUNTIF(F24:L24,"*0800-1730*DEMT*") -> 0 | Y24: =COUNTIF(K24:L24,"???0-*") -> 0
A25: Paediatric Emergency Consultant | D25: Dr Celia Bagshaw | E25: =IFERROR(VLOOKUP(D25,'Employee Numbers'!$A$3:$B$83,2,FALSE),"NOT FOUND") -> 625985 | F25: 1430-0000 | G25: 0800-1730 CS | H25: 0800-1730 | I25: 1430-0000 | N25: {=((SUM(IFERROR((TEXT(IF(ISNUMBER(SEARCH("-", F25:L25)), MID(F25:L25, SEARCH("-", F25:L25) + 1, 4), ""), "00\:00") - TEXT(IF(ISNUMBER(SEARCH("-", F25:L25)), MID(F25:L25, SEARCH("-", F25:L25) - 4, 4), ""), "00\:00") + IF(TEXT(IF(ISNUMBER(SEARCH("-", F25:L25)), MID(F25:L25, SEARCH("-", F25:L25) + 1, 4), ""), "00\:00") < TEXT(IF(ISNUMBER(SEARCH("-", F25:L25)), MID(F25:L25, SEARCH("-", F25:L25) - 4, 4), ""), "00\:00"), 1, 0))*24,""))))/9.5} -> 4 | P25: =N25+O25 -> 4 | R25: =IF($C$4=1,SUM(P25+INDIRECT("'Week "&($B$3+1)&"'!P"&(ROW()))),IF($C$4=2,SUM(P25+INDIRECT("'Week "&($B$3-1)&"'!P"&(ROW()))))) -> 8 | S25: =(IFERROR(VLOOKUP(D25,'Employee Numbers'!$A$3:$C$84,3,FALSE),"NOT FOUND"))*8 -> 8 | U25: =COUNTIF(E25:K25,"0800-1730") -> 1 | V25: =COUNTIF(F25:L25,"1???-00?0") -> 2 | W25: =COUNTIF(F25:L25,"*0800-1730*CS*")+COUNTIF(F25:L25,"*0800-1730*DEMT*") -> 1 | Y25: =COUNTIF(K25:L25,"???0-*") -> 0
A26: Paediatric Emergency Consultant | D26: Dr Adnan Bilgrami | E26: =IFERROR(VLOOKUP(D26,'Employee Numbers'!$A$3:$B$83,2,FALSE),"NOT FOUND") -> 632301 | F26: 0800-1730 | G26: 1430-0000 | I26: 0800-1730 CS | J26: 0800-1730 | N26: {=((SUM(IFERROR((TEXT(IF(ISNUMBER(SEARCH("-", F26:L26)), MID(F26:L26, SEARCH("-", F26:L26) + 1, 4), ""), "00\:00") - TEXT(IF(ISNUMBER(SEARCH("-", F26:L26)), MID(F26:L26, SEARCH("-", F26:L26) - 4, 4), ""), "00\:00") + IF(TEXT(IF(ISNUMBER(SEARCH("-", F26:L26)), MID(F26:L26, SEARCH("-", F26:L26) + 1, 4), ""), "00\:00") < TEXT(IF(ISNUMBER(SEARCH("-", F26:L26)), MID(F26:L26, SEARCH("-", F26:L26) - 4, 4), ""), "00\:00"), 1, 0))*24,""))))/9.5} -> 4 | P26: =N26+O26 -> 4 | R26: =IF($C$4=1,SUM(P26+INDIRECT("'Week "&($B$3+1)&"'!P"&(ROW()))),IF($C$4=2,SUM(P26+INDIRECT("'Week "&($B$3-1)&"'!P"&(ROW()))))) -> 8 | S26: =(IFERROR(VLOOKUP(D26,'Employee Numbers'!$A$3:$C$84,3,FALSE),"NOT FOUND"))*8 -> 8 | U26: =COUNTIF(E26:K26,"0800-1730") -> 2 | V26: =COUNTIF(F26:L26,"1???-00?0") -> 1 | W26: =COUNTIF(F26:L26,"*0800-1730*CS*")+COUNTIF(F26:L26,"*0800-1730*DEMT*") -> 1 | Y26: =COUNTIF(K26:L26,"???0-*") -> 0
A27: Paediatric Emergency Consultant | D27: Dr Preeti Ramaswamy | E27: =IFERROR(VLOOKUP(D27,'Employee Numbers'!$A$3:$B$83,2,FALSE),"NOT FOUND") -> 613891 | F27: 1430-0000 | H27: 0800-1730 CS | K27: 1500-0030 | N27: {=((SUM(IFERROR((TEXT(IF(ISNUMBER(SEARCH("-", F27:L27)), MID(F27:L27, SEARCH("-", F27:L27) + 1, 4), ""), "00\:00") - TEXT(IF(ISNUMBER(SEARCH("-", F27:L27)), MID(F27:L27, SEARCH("-", F27:L27) - 4, 4), ""), "00\:00") + IF(TEXT(IF(ISNUMBER(SEARCH("-", F27:L27)), MID(F27:L27, SEARCH("-", F27:L27) + 1, 4), ""), "00\:00") < TEXT(IF(ISNUMBER(SEARCH("-", F27:L27)), MID(F27:L27, SEARCH("-", F27:L27) - 4, 4), ""), "00\:00"), 1, 0))*24,""))))/9.5} -> 3 | P27: =N27+O27 -> 3 | R27: =IF($C$4=1,SUM(P27+INDIRECT("'Week "&($B$3+1)&"'!P"&(ROW()))),IF($C$4=2,SUM(P27+INDIRECT("'Week "&($B$3-1)&"'!P"&(ROW()))))) -> 6 | S27: =(IFERROR(VLOOKUP(D27,'Employee Numbers'!$A$3:$C$84,3,FALSE),"NOT FOUND"))*8 -> 6 | U27: =COUNTIF(E27:K27,"0800-1730") -> 0 | V27: =COUNTIF(F27:L27,"1???-00?0") -> 2 | W27: =COUNTIF(F27:L27,"*0800-1730*CS*")+COUNTIF(F27:L27,"*0800-1730*DEMT*") -> 1 | Y27: =COUNTIF(K27:L27,"???0-*") -> 1
A28: Paediatric Emergency Consultant | D28: Dr Erin Mills | E28: =IFERROR(VLOOKUP(D28,'Employee Numbers'!$A$3:$B$83,2,FALSE),"NOT FOUND") -> 623657 | H28: 0800-1730 | N28: {=((SUM(IFERROR((TEXT(IF(ISNUMBER(SEARCH("-", F28:L28)), MID(F28:L28, SEARCH("-", F28:L28) + 1, 4), ""), "00\:00") - TEXT(IF(ISNUMBER(SEARCH("-", F28:L28)), MID(F28:L28, SEARCH("-", F28:L28) - 4, 4), ""), "00\:00") + IF(TEXT(IF(ISNUMBER(SEARCH("-", F28:L28)), MID(F28:L28, SEARCH("-", F28:L28) + 1, 4), ""), "00\:00") < TEXT(IF(ISNUMBER(SEARCH("-", F28:L28)), MID(F28:L28, SEARCH("-", F28:L28) - 4, 4), ""), "00\:00"), 1, 0))*24,""))))/9.5} -> 1 | P28: =N28+O28 -> 1 | R28: =IF($C$4=1,SUM(P28+INDIRECT("'Week "&($B$3+1)&"'!P"&(ROW()))),IF($C$4=2,SUM(P28+INDIRECT("'Week "&($B$3-1)&"'!P"&(ROW()))))) -> 2 | S28: =(IFERROR(VLOOKUP(D28,'Employee Numbers'!$A$3:$C$84,3,FALSE),"NOT FOUND"))*8 -> 2 | U28: =COUNTIF(E28:K28,"0800-1730") -> 1 | V28: =COUNTIF(F28:L28,"1???-00?0") -> 0 | W28: =COUNTIF(F28:L28,"*0800-1730*CS*")+COUNTIF(F28:L28,"*0800-1730*DEMT*") -> 0 | Y28: =COUNTIF(K28:L28,"???0-*") -> 0
A29: Paediatric Emergency Consultant | D29: Dr Stella Robinson | E29: =IFERROR(VLOOKUP(D29,'Employee Numbers'!$A$3:$B$83,2,FALSE),"NOT FOUND") -> 623708 | G29: 1430-0000 | H29: 0800-1730 CS | K29: 0800-1730 | N29: {=((SUM(IFERROR((TEXT(IF(ISNUMBER(SEARCH("-", F29:L29)), MID(F29:L29, SEARCH("-", F29:L29) + 1, 4), ""), "00\:00") - TEXT(IF(ISNUMBER(SEARCH("-", F29:L29)), MID(F29:L29, SEARCH("-", F29:L29) - 4, 4), ""), "00\:00") + IF(TEXT(IF(ISNUMBER(SEARCH("-", F29:L29)), MID(F29:L29, SEARCH("-", F29:L29) + 1, 4), ""), "00\:00") < TEXT(IF(ISNUMBER(SEARCH("-", F29:L29)), MID(F29:L29, SEARCH("-", F29:L29) - 4, 4), ""), "00\:00"), 1, 0))*24,""))))/9.5} -> 3 | P29: =N29+O29 -> 3 | R29: =IF($C$4=1,SUM(P29+INDIRECT("'Week "&($B$3+1)&"'!P"&(ROW()))),IF($C$4=2,SUM(P29+INDIRECT("'Week "&($B$3-1)&"'!P"&(ROW()))))) -> 6 | S29: =(IFERROR(VLOOKUP(D29,'Employee Numbers'!$A$3:$C$84,3,FALSE),"NOT FOUND"))*8 -> 6 | U29: =COUNTIF(E29:K29,"0800-1730") -> 1 | V29: =COUNTIF(F29:L29,"1???-00?0") -> 1 | W29: =COUNTIF(F29:L29,"*0800-1730*CS*")+COUNTIF(F29:L29,"*0800-1730*DEMT*") -> 1 | Y29: =COUNTIF(K29:L29,"???0-*") -> 1
A30: Paediatric Emergency Consultant | D30: Dr Bev Thompson | E30: =IFERROR(VLOOKUP(D30,'Employee Numbers'!$A$3:$B$83,2,FALSE),"NOT FOUND") -> 627680 | H30: 0800-1730 CS | I30: 0800-1730 | K30: 1500-0030 | N30: {=((SUM(IFERROR((TEXT(IF(ISNUMBER(SEARCH("-", F30:L30)), MID(F30:L30, SEARCH("-", F30:L30) + 1, 4), ""), "00\:00") - TEXT(IF(ISNUMBER(SEARCH("-", F30:L30)), MID(F30:L30, SEARCH("-", F30:L30) - 4, 4), ""), "00\:00") + IF(TEXT(IF(ISNUMBER(SEARCH("-", F30:L30)), MID(F30:L30, SEARCH("-", F30:L30) + 1, 4), ""), "00\:00") < TEXT(IF(ISNUMBER(SEARCH("-", F30:L30)), MID(F30:L30, SEARCH("-", F30:L30) - 4, 4), ""), "00\:00"), 1, 0))*24,""))))/9.5} -> 3 | P30: =N30+O30 -> 3 | R30: =IF($C$4=1,SUM(P30+INDIRECT("'Week "&($B$3+1)&"'!P"&(ROW()))),IF($C$4=2,SUM(P30+INDIRECT("'Week "&($B$3-1)&"'!P"&(ROW()))))) -> 6 | S30: =(IFERROR(VLOOKUP(D30,'Employee Numbers'!$A$3:$C$84,3,FALSE),"NOT FOUND"))*8 -> 6 | U30: =COUNTIF(E30:K30,"0800-1730") -> 1 | V30: =COUNTIF(F30:L30,"1???-00?0") -> 1 | W30: =COUNTIF(F30:L30,"*0800-1730*CS*")+COUNTIF(F30:L30,"*0800-1730*DEMT*") -> 1 | Y30: =COUNTIF(K30:L30,"???0-*") -> 1
A31: Paediatric Emergency Consultant | D31: Dr John Unwin | E31: =IFERROR(VLOOKUP(D31,'Employee Numbers'!$A$3:$B$83,2,FALSE),"NOT FOUND") -> 633210 | I31: 0800-1730 | J31: 0800-1730 | N31: {=((SUM(IFERROR((TEXT(IF(ISNUMBER(SEARCH("-", F31:L31)), MID(F31:L31, SEARCH("-", F31:L31) + 1, 4), ""), "00\:00") - TEXT(IF(ISNUMBER(SEARCH("-", F31:L31)), MID(F31:L31, SEARCH("-", F31:L31) - 4, 4), ""), "00\:00") + IF(TEXT(IF(ISNUMBER(SEARCH("-", F31:L31)), MID(F31:L31, SEARCH("-", F31:L31) + 1, 4), ""), "00\:00") < TEXT(IF(ISNUMBER(SEARCH("-", F31:L31)), MID(F31:L31, SEARCH("-", F31:L31) - 4, 4), ""), "00\:00"), 1, 0))*24,""))))/9.5} -> 2 | P31: =N31+O31 -> 2 | R31: =IF($C$4=1,SUM(P31+INDIRECT("'Week "&($B$3+1)&"'!P"&(ROW()))),IF($C$4=2,SUM(P31+INDIRECT("'Week "&($B$3-1)&"'!P"&(ROW()))))) -> 6 | S31: =(IFERROR(VLOOKUP(D31,'Employee Numbers'!$A$3:$C$84,3,FALSE),"NOT FOUND"))*8 -> 6 | U31: =COUNTIF(E31:K31,"0800-1730") -> 2 | V31: =COUNTIF(F31:L31,"1???-00?0") -> 0 | W31: =COUNTIF(F31:L31,"*0800-1730*CS*")+COUNTIF(F31:L31,"*0800-1730*DEMT*") -> 0 | Y31: =COUNTIF(K31:L31,"???0-*") -> 0
A32: Paediatric Emergency Consultant | D32: Dr Siri Samudrala | E32: =IFERROR(VLOOKUP(D32,'Employee Numbers'!$A$3:$B$83,2,FALSE),"NOT FOUND") -> 618952 | F32: AL | G32: AL | H32: AL | I32: AL | J32: AL | K32: AL | L32: AL | N32: {=((SUM(IFERROR((TEXT(IF(ISNUMBER(SEARCH("-", F32:L32)), MID(F32:L32, SEARCH("-", F32:L32) + 1, 4), ""), "00\:00") - TEXT(IF(ISNUMBER(SEARCH("-", F32:L32)), MID(F32:L32, SEARCH("-", F32:L32) - 4, 4), ""), "00\:00") + IF(TEXT(IF(ISNUMBER(SEARCH("-", F32:L32)), MID(F32:L32, SEARCH("-", F32:L32) + 1, 4), ""), "00\:00") < TEXT(IF(ISNUMBER(SEARCH("-", F32:L32)), MID(F32:L32, SEARCH("-", F32:L32) - 4, 4), ""), "00\:00"), 1, 0))*24,""))))/9.5} -> 0 | P32: =N32+O32 -> 0 | R32: =IF($C$4=1,SUM(P32+INDIRECT("'Week "&($B$3+1)&"'!P"&(ROW()))),IF($C$4=2,SUM(P32+INDIRECT("'Week "&($B$3-1)&"'!P"&(ROW()))))) -> 3 | S32: =(IFERROR(VLOOKUP(D32,'Employee Numbers'!$A$3:$C$84,3,FALSE),"NOT FOUND"))*8 -> 6 | U32: =COUNTIF(E32:K32,"0800-1730") -> 0 | V32: =COUNTIF(F32:L32,"1???-00?0") -> 0 | W32: =COUNTIF(F32:L32,"*0800-1730*CS*")+COUNTIF(F32:L32,"*0800-1730*DEMT*") -> 0 | Y32: =COUNTIF(K32:L32,"???0-*") -> 0
A33: Paediatric Emergency Consultant | D33: Dr Tessa Smith | E33: =IFERROR(VLOOKUP(D33,'Employee Numbers'!$A$3:$B$83,2,FALSE),"NOT FOUND") -> 649039 | F33: 0800-1730 | H33: 0800-1730 CS | L33: 1500-0030 | N33: {=((SUM(IFERROR((TEXT(IF(ISNUMBER(SEARCH("-", F33:L33)), MID(F33:L33, SEARCH("-", F33:L33) + 1, 4), ""), "00\:00") - TEXT(IF(ISNUMBER(SEARCH("-", F33:L33)), MID(F33:L33, SEARCH("-", F33:L33) - 4, 4), ""), "00\:00") + IF(TEXT(IF(ISNUMBER(SEARCH("-", F33:L33)), MID(F33:L33, SEARCH("-", F33:L33) + 1, 4), ""), "00\:00") < TEXT(IF(ISNUMBER(SEARCH("-", F33:L33)), MID(F33:L33, SEARCH("-", F33:L33) - 4, 4), ""), "00\:00"), 1, 0))*24,""))))/9.5} -> 3 | P33: =N33+O33 -> 3 | R33: =IF($C$4=1,SUM(P33+INDIRECT("'Week "&($B$3+1)&"'!P"&(ROW()))),IF($C$4=2,SUM(P33+INDIRECT("'Week "&($B$3-1)&"'!P"&(ROW()))))) -> 5 | S33: =(IFERROR(VLOOKUP(D33,'Employee Numbers'!$A$3:$C$84,3,FALSE),"NOT FOUND"))*8 -> 5 | U33: =COUNTIF(E33:K33,"0800-1730") -> 1 | V33: =COUNTIF(F33:L33,"1???-00?0") -> 1 | W33: =COUNTIF(F33:L33,"*0800-1730*CS*")+COUNTIF(F33:L33,"*0800-1730*DEMT*") -> 1 | Y33: =COUNTIF(K33:L33,"???0-*") -> 1
A34: Paediatric Emergency Consultant | D34: Dr Brad Dent | E34: =IFERROR(VLOOKUP(D34,'Employee Numbers'!$A$3:$B$83,2,FALSE),"NOT FOUND") -> 649671 | F34: 0800-1730 OCS | G34: 0800-1730 | I34: 1430-0000 | N34: {=((SUM(IFERROR((TEXT(IF(ISNUMBER(SEARCH("-", F34:L34)), MID(F34:L34, SEARCH("-", F34:L34) + 1, 4), ""), "00\:00") - TEXT(IF(ISNUMBER(SEARCH("-", F34:L34)), MID(F34:L34, SEARCH("-", F34:L34) - 4, 4), ""), "00\:00") + IF(TEXT(IF(ISNUMBER(SEARCH("-", F34:L34)), MID(F34:L34, SEARCH("-", F34:L34) + 1, 4), ""), "00\:00") < TEXT(IF(ISNUMBER(SEARCH("-", F34:L34)), MID(F34:L34, SEARCH("-", F34:L34) - 4, 4), ""), "00\:00"), 1, 0))*24,""))))/9.5} -> 3 | P34: =N34+O34 -> 3 | R34: =IF($C$4=1,SUM(P34+INDIRECT("'Week "&($B$3+1)&"'!P"&(ROW()))),IF($C$4=2,SUM(P34+INDIRECT("'Week "&($B$3-1)&"'!P"&(ROW()))))) -> 6 | S34: =(IFERROR(VLOOKUP(D34,'Employee Numbers'!$A$3:$C$84,3,FALSE),"NOT FOUND"))*8 -> 6 | U34: =COUNTIF(E34:K34,"0800-1730") -> 1 | V34: =COUNTIF(F34:L34,"1???-00?0") -> 1 | W34: =COUNTIF(F34:L34,"*0800-1730*CS*")+COUNTIF(F34:L34,"*0800-1730*DEMT*") -> 1 | Y34: =COUNTIF(K34:L34,"???0-*") -> 0
A35: Paediatric Emergency Consultant | D35: Dr Marjolein Slaa | E35: =IFERROR(VLOOKUP(D35,'Employee Numbers'!$A$3:$B$83,2,FALSE),"NOT FOUND") -> 646047 | H35: 0800-1730 OCS | I35: S/L AM | J35: 1430-0000 | N35: {=((SUM(IFERROR((TEXT(IF(ISNUMBER(SEARCH("-", F35:L35)), MID(F35:L35, SEARCH("-", F35:L35) + 1, 4), ""), "00\:00") - TEXT(IF(ISNUMBER(SEARCH("-", F35:L35)), MID(F35:L35, SEARCH("-", F35:L35) - 4, 4), ""), "00\:00") + IF(TEXT(IF(ISNUMBER(SEARCH("-", F35:L35)), MID(F35:L35, SEARCH("-", F35:L35) + 1, 4), ""), "00\:00") < TEXT(IF(ISNUMBER(SEARCH("-", F35:L35)), MID(F35:L35, SEARCH("-", F35:L35) - 4, 4), ""), "00\:00"), 1, 0))*24,""))))/9.5} -> 2 | P35: =N35+O35 -> 2 | R35: =IF($C$4=1,SUM(P35+INDIRECT("'Week "&($B$3+1)&"'!P"&(ROW()))),IF($C$4=2,SUM(P35+INDIRECT("'Week "&($B$3-1)&"'!P"&(ROW()))))) -> 4 | S35: =(IFERROR(VLOOKUP(D35,'Employee Numbers'!$A$3:$C$84,3,FALSE),"NOT FOUND"))*8 -> 5 | U35: =COUNTIF(E35:K35,"0800-1730") -> 0 | V35: =COUNTIF(F35:L35,"1???-00?0") -> 1 | W35: =COUNTIF(F35:L35,"*0800-1730*CS*")+COUNTIF(F35:L35,"*0800-1730*DEMT*") -> 1 | Y35: =COUNTIF(K35:L35,"???0-*") -> 0
A36: Paediatric Emergency Consultant | D36: Dr Natalie Hood | E36: =IFERROR(VLOOKUP(D36,'Employee Numbers'!$A$3:$B$83,2,FALSE),"NOT FOUND") -> 164003 | F36: 1430-0000 | H36: 0800-1730 CS | N36: {=((SUM(IFERROR((TEXT(IF(ISNUMBER(SEARCH("-", F36:L36)), MID(F36:L36, SEARCH("-", F36:L36) + 1, 4), ""), "00\:00") - TEXT(IF(ISNUMBER(SEARCH("-", F36:L36)), MID(F36:L36, SEARCH("-", F36:L36) - 4, 4), ""), "00\:00") + IF(TEXT(IF(ISNUMBER(SEARCH("-", F36:L36)), MID(F36:L36, SEARCH("-", F36:L36) + 1, 4), ""), "00\:00") < TEXT(IF(ISNUMBER(SEARCH("-", F36:L36)), MID(F36:L36, SEARCH("-", F36:L36) - 4, 4), ""), "00\:00"), 1, 0))*24,""))))/9.5} -> 2 | P36: =N36+O36 -> 2 | R36: =IF($C$4=1,SUM(P36+INDIRECT("'Week "&($B$3+1)&"'!P"&(ROW()))),IF($C$4=2,SUM(P36+INDIRECT("'Week "&($B$3-1)&"'!P"&(ROW()))))) -> 4 | S36: =(IFERROR(VLOOKUP(D36,'Employee Numbers'!$A$3:$C$84,3,FALSE),"NOT FOUND"))*8 -> 4 | U36: =COUNTIF(E36:K36,"0800-1730") -> 0 | V36: =COUNTIF(F36:L36,"1???-00?0") -> 1 | W36: =COUNTIF(F36:L36,"*0800-1730*CS*")+COUNTIF(F36:L36,"*0800-1730*DEMT*") -> 1 | Y36: =COUNTIF(K36:L36,"???0-*") -> 0
A37: Paediatric Emergency Consultant | D37: Dr Michael Coman | E37: =IFERROR(VLOOKUP(D37,'Employee Numbers'!$A$3:$B$83,2,FALSE),"NOT FOUND") -> 609408 | G37: 0800-1730 | H37: 0800-1730 CS | I37: 1430-0000 | J37: 1430-0000 | N37: {=((SUM(IFERROR((TEXT(IF(ISNUMBER(SEARCH("-", F37:L37)), MID(F37:L37, SEARCH("-", F37:L37) + 1, 4), ""), "00\:00") - TEXT(IF(ISNUMBER(SEARCH("-", F37:L37)), MID(F37:L37, SEARCH("-", F37:L37) - 4, 4), ""), "00\:00") + IF(TEXT(IF(ISNUMBER(SEARCH("-", F37:L37)), MID(F37:L37, SEARCH("-", F37:L37) + 1, 4), ""), "00\:00") < TEXT(IF(ISNUMBER(SEARCH("-", F37:L37)), MID(F37:L37, SEARCH("-", F37:L37) - 4, 4), ""), "00\:00"), 1, 0))*24,""))))/9.5} -> 4 | P37: =N37+O37 -> 4 | R37: =IF($C$4=1,SUM(P37+INDIRECT("'Week "&($B$3+1)&"'!P"&(ROW()))),IF($C$4=2,SUM(P37+INDIRECT("'Week "&($B$3-1)&"'!P"&(ROW()))))) -> 4 | S37: =(IFERROR(VLOOKUP(D37,'Employee Numbers'!$A$3:$C$84,3,FALSE),"NOT FOUND"))*8 -> 4 | U37: =COUNTIF(E37:K37,"0800-1730") -> 1 | V37: =COUNTIF(F37:L37,"1???-00?0") -> 2 | W37: =COUNTIF(F37:L37,"*0800-1730*CS*")+COUNTIF(F37:L37,"*0800-1730*DEMT*") -> 1 | Y37: =COUNTIF(K37:L37,"???0-*") -> 0
A38: Paediatric Emergency Consultant | D38: Dr Andrew Hardy | E38: =IFERROR(VLOOKUP(D38,'Employee Numbers'!$A$3:$B$83,2,FALSE),"NOT FOUND") -> 627619 | F38: CME/L | G38: CME/L | H38: CME/L | I38: CME/L | J38: CME/L | K38: CME/L | L38: ME/L | N38: {=((SUM(IFERROR((TEXT(IF(ISNUMBER(SEARCH("-", F38:L38)), MID(F38:L38, SEARCH("-", F38:L38) + 1, 4), ""), "00\:00") - TEXT(IF(ISNUMBER(SEARCH("-", F38:L38)), MID(F38:L38, SEARCH("-", F38:L38) - 4, 4), ""), "00\:00") + IF(TEXT(IF(ISNUMBER(SEARCH("-", F38:L38)), MID(F38:L38, SEARCH("-", F38:L38) + 1, 4), ""), "00\:00") < TEXT(IF(ISNUMBER(SEARCH("-", F38:L38)), MID(F38:L38, SEARCH("-", F38:L38) - 4, 4), ""), "00\:00"), 1, 0))*24,""))))/9.5} -> 0 | O38: 2 | P38: =N38+O38 -> 2 | R38: =IF($C$4=1,SUM(P38+INDIRECT("'Week "&($B$3+1)&"'!P"&(ROW()))),IF($C$4=2,SUM(P38+INDIRECT("'Week "&($B$3-1)&"'!P"&(ROW()))))) -> 4 | S38: =(IFERROR(VLOOKUP(D38,'Employee Numbers'!$A$3:$C$84,3,FALSE),"NOT FOUND"))*8 -> 4 | U38: =COUNTIF(E38:K38,"0800-1730") -> 0 | V38: =COUNTIF(F38:L38,"1???-00?0") -> 0 | W38: =COUNTIF(F38:L38,"*0800-1730*CS*")+COUNTIF(F38:L38,"*0800-1730*DEMT*") -> 0 | Y38: =COUNTIF(K38:L38,"???0-*") -> 0
A39: Paediatric Emergency Consultant | D39: Dr Gargi Kanabar | E39: =IFERROR(VLOOKUP(D39,'Employee Numbers'!$A$3:$B$83,2,FALSE),"NOT FOUND") -> 632646 | F39: 0800-1730 CS | H39: 0800-1730 | J39: 0800-1730 | L39: 1500-0030 | N39: {=((SUM(IFERROR((TEXT(IF(ISNUMBER(SEARCH("-", F39:L39)), MID(F39:L39, SEARCH("-", F39:L39) + 1, 4), ""), "00\:00") - TEXT(IF(ISNUMBER(SEARCH("-", F39:L39)), MID(F39:L39, SEARCH("-", F39:L39) - 4, 4), ""), "00\:00") + IF(TEXT(IF(ISNUMBER(SEARCH("-", F39:L39)), MID(F39:L39, SEARCH("-", F39:L39) + 1, 4), ""), "00\:00") < TEXT(IF(ISNUMBER(SEARCH("-", F39:L39)), MID(F39:L39, SEARCH("-", F39:L39) - 4, 4), ""), "00\:00"), 1, 0))*24,""))))/9.5} -> 4 | P39: =N39+O39 -> 4 | R39: =IF($C$4=1,SUM(P39+INDIRECT("'Week "&($B$3+1)&"'!P"&(ROW()))),IF($C$4=2,SUM(P39+INDIRECT("'Week "&($B$3-1)&"'!P"&(ROW()))))) -> 4 | S39: =(IFERROR(VLOOKUP(D39,'Employee Numbers'!$A$3:$C$84,3,FALSE),"NOT FOUND"))*8 -> 4 | U39: =COUNTIF(E39:K39,"0800-1730") -> 2 | V39: =COUNTIF(F39:L39,"1???-00?0") -> 1 | W39: =COUNTIF(F39:L39,"*0800-1730*CS*")+COUNTIF(F39:L39,"*0800-1730*DEMT*") -> 1 | Y39: =COUNTIF(K39:L39,"???0-*") -> 1
A40: Paediatric Emergency Consultant | D40: Dr Mandy Parr | E40: =IFERROR(VLOOKUP(D40,'Employee Numbers'!$A$3:$B$83,2,FALSE),"NOT FOUND") -> 652844 | N40: {=((SUM(IFERROR((TEXT(IF(ISNUMBER(SEARCH("-", F40:L40)), MID(F40:L40, SEARCH("-", F40:L40) + 1, 4), ""), "00\:00") - TEXT(IF(ISNUMBER(SEARCH("-", F40:L40)), MID(F40:L40, SEARCH("-", F40:L40) - 4, 4), ""), "00\:00") + IF(TEXT(IF(ISNUMBER(SEARCH("-", F40:L40)), MID(F40:L40, SEARCH("-", F40:L40) + 1, 4), ""), "00\:00") < TEXT(IF(ISNUMBER(SEARCH("-", F40:L40)), MID(F40:L40, SEARCH("-", F40:L40) - 4, 4), ""), "00\:00"), 1, 0))*24,""))))/9.5} -> 0 | P40: =N40+O40 -> 0 | R40: =IF($C$4=1,SUM(P40+INDIRECT("'Week "&($B$3+1)&"'!P"&(ROW()))),IF($C$4=2,SUM(P40+INDIRECT("'Week "&($B$3-1)&"'!P"&(ROW()))))) -> 4 | S40: =(IFERROR(VLOOKUP(D40,'Employee Numbers'!$A$3:$C$84,3,FALSE),"NOT FOUND"))*8 -> 4 | U40: =COUNTIF(E40:K40,"0800-1730") -> 0 | V40: =COUNTIF(F40:L40,"1???-00?0") -> 0 | W40: =COUNTIF(F40:L40,"*0800-1730*CS*")+COUNTIF(F40:L40,"*0800-1730*DEMT*") -> 0 | Y40: =COUNTIF(K40:L40,"???0-*") -> 0
A41: Paediatric Emergency Consultant | D41: Dr Tecwyn Davies | E41: =IFERROR(VLOOKUP(D41,'Employee Numbers'!$A$3:$B$83,2,FALSE),"NOT FOUND") -> 634491 | N41: {=((SUM(IFERROR((TEXT(IF(ISNUMBER(SEARCH("-", F41:L41)), MID(F41:L41, SEARCH("-", F41:L41) + 1, 4), ""), "00\:00") - TEXT(IF(ISNUMBER(SEARCH("-", F41:L41)), MID(F41:L41, SEARCH("-", F41:L41) - 4, 4), ""), "00\:00") + IF(TEXT(IF(ISNUMBER(SEARCH("-", F41:L41)), MID(F41:L41, SEARCH("-", F41:L41) + 1, 4), ""), "00\:00") < TEXT(IF(ISNUMBER(SEARCH("-", F41:L41)), MID(F41:L41, SEARCH("-", F41:L41) - 4, 4), ""), "00\:00"), 1, 0))*24,""))))/9.5} -> 0 | P41: =N41+O41 -> 0 | R41: =IF($C$4=1,SUM(P41+INDIRECT("'Week "&($B$3+1)&"'!P"&(ROW()))),IF($C$4=2,SUM(P41+INDIRECT("'Week "&($B$3-1)&"'!P"&(ROW()))))) -> 4 | S41: =(IFERROR(VLOOKUP(D41,'Employee Numbers'!$A$3:$C$84,3,FALSE),"NOT FOUND"))*8 -> 4 | U41: =COUNTIF(E41:K41,"0800-1730") -> 0 | V41: =COUNTIF(F41:L41,"1???-00?0") -> 0 | W41: =COUNTIF(F41:L41,"*0800-1730*CS*")+COUNTIF(F41:L41,"*0800-1730*DEMT*") -> 0 | Y41: =COUNTIF(K41:L41,"???0-*") -> 0
A42: Paediatric Emergency Consultant | D42: Dr Patrick Finn | E42: =IFERROR(VLOOKUP(D42,'Employee Numbers'!$A$3:$B$83,2,FALSE),"NOT FOUND") -> 621988 | F42: PAT/L | G42: PAT/L | H42: PAT/L | I42: PAT/L | J42: PAT/L | K42: PAT/L | L42: PAT/L | N42: {=((SUM(IFERROR((TEXT(IF(ISNUMBER(SEARCH("-", F42:L42)), MID(F42:L42, SEARCH("-", F42:L42) + 1, 4), ""), "00\:00") - TEXT(IF(ISNUMBER(SEARCH("-", F42:L42)), MID(F42:L42, SEARCH("-", F42:L42) - 4, 4), ""), "00\:00") + IF(TEXT(IF(ISNUMBER(SEARCH("-", F42:L42)), MID(F42:L42, SEARCH("-", F42:L42) + 1, 4), ""), "00\:00") < TEXT(IF(ISNUMBER(SEARCH("-", F42:L42)), MID(F42:L42, SEARCH("-", F42:L42) - 4, 4), ""), "00\:00"), 1, 0))*24,""))))/9.5} -> 0 | O42: 2 | P42: =N42+O42 -> 2 | R42: =IF($C$4=1,SUM(P42+INDIRECT("'Week "&($B$3+1)&"'!P"&(ROW()))),IF($C$4=2,SUM(P42+INDIRECT("'Week "&($B$3-1)&"'!P"&(ROW()))))) -> 4 | S42: =(IFERROR(VLOOKUP(D42,'Employee Numbers'!$A$3:$C$84,3,FALSE),"NOT FOUND"))*8 -> 4 | U42: =COUNTIF(E42:K42,"0800-1730") -> 0 | V42: =COUNTIF(F42:L42,"1???-00?0") -> 0 | W42: =COUNTIF(F42:L42,"*0800-1730*CS*")+COUNTIF(F42:L42,"*0800-1730*DEMT*") -> 0 | Y42: =COUNTIF(K42:L42,"???0-*") -> 0
A43: Paediatric Emergency Consultant | D43: Dr Chris Fong | E43: =IFERROR(VLOOKUP(D43,'Employee Numbers'!$A$3:$B$83,2,FALSE),"NOT FOUND") -> 409677 | I43: 0800-1730 OCS | N43: {=((SUM(IFERROR((TEXT(IF(ISNUMBER(SEARCH("-", F43:L43)), MID(F43:L43, SEARCH("-", F43:L43) + 1, 4), ""), "00\:00") - TEXT(IF(ISNUMBER(SEARCH("-", F43:L43)), MID(F43:L43, SEARCH("-", F43:L43) - 4, 4), ""), "00\:00") + IF(TEXT(IF(ISNUMBER(SEARCH("-", F43:L43)), MID(F43:L43, SEARCH("-", F43:L43) + 1, 4), ""), "00\:00") < TEXT(IF(ISNUMBER(SEARCH("-", F43:L43)), MID(F43:L43, SEARCH("-", F43:L43) - 4, 4), ""), "00\:00"), 1, 0))*24,""))))/9.5} -> 1 | P43: =N43+O43 -> 1 | R43: =IF($C$4=1,SUM(P43+INDIRECT("'Week "&($B$3+1)&"'!P"&(ROW()))),IF($C$4=2,SUM(P43+INDIRECT("'Week "&($B$3-1)&"'!P"&(ROW()))))) -> 3 | S43: =(IFERROR(VLOOKUP(D43,'Employee Numbers'!$A$3:$C$84,3,FALSE),"NOT FOUND"))*8 -> 3 | U43: =COUNTIF(E43:K43,"0800-1730") -> 0 | V43: =COUNTIF(F43:L43,"1???-00?0") -> 0 | W43: =COUNTIF(F43:L43,"*0800-1730*CS*")+COUNTIF(F43:L43,"*0800-1730*DEMT*") -> 1 | Y43: =COUNTIF(K43:L43,"???0-*") -> 0
A44: Paediatric Emergency Consultant | D44: Dr Matthew Tang | E44: =IFERROR(VLOOKUP(D44,'Employee Numbers'!$A$3:$B$83,2,FALSE),"NOT FOUND") -> 632590 | F44: 0800-1730 | G44: 0800-1730 | H44: 1430-0000 | I44: 0800-1730 OCS | N44: {=((SUM(IFERROR((TEXT(IF(ISNUMBER(SEARCH("-", F44:L44)), MID(F44:L44, SEARCH("-", F44:L44) + 1, 4), ""), "00\:00") - TEXT(IF(ISNUMBER(SEARCH("-", F44:L44)), MID(F44:L44, SEARCH("-", F44:L44) - 4, 4), ""), "00\:00") + IF(TEXT(IF(ISNUMBER(SEARCH("-", F44:L44)), MID(F44:L44, SEARCH("-", F44:L44) + 1, 4), ""), "00\:00") < TEXT(IF(ISNUMBER(SEARCH("-", F44:L44)), MID(F44:L44, SEARCH("-", F44:L44) - 4, 4), ""), "00\:00"), 1, 0))*24,""))))/9.5} -> 4 | P44: =N44+O44 -> 4 | R44: =IF($C$4=1,SUM(P44+INDIRECT("'Week "&($B$3+1)&"'!P"&(ROW()))),IF($C$4=2,SUM(P44+INDIRECT("'Week "&($B$3-1)&"'!P"&(ROW()))))) -> 4 | S44: =(IFERROR(VLOOKUP(D44,'Employee Numbers'!$A$3:$C$84,3,FALSE),"NOT FOUND"))*8 -> 4 | U44: =COUNTIF(E44:K44,"0800-1730") -> 2 | V44: =COUNTIF(F44:L44,"1???-00?0") -> 1 | W44: =COUNTIF(F44:L44,"*0800-1730*CS*")+COUNTIF(F44:L44,"*0800-1730*DEMT*") -> 1 | Y44: =COUNTIF(K44:L44,"???0-*") -> 0
A45: Paediatric Emergency Consultant | D45: Dr Niki Talic | E45: =IFERROR(VLOOKUP(D45,'Employee Numbers'!$A$3:$B$83,2,FALSE),"NOT FOUND") -> 619537 | H45: 1430-0000 | N45: {=((SUM(IFERROR((TEXT(IF(ISNUMBER(SEARCH("-", F45:L45)), MID(F45:L45, SEARCH("-", F45:L45) + 1, 4), ""), "00\:00") - TEXT(IF(ISNUMBER(SEARCH("-", F45:L45)), MID(F45:L45, SEARCH("-", F45:L45) - 4, 4), ""), "00\:00") + IF(TEXT(IF(ISNUMBER(SEARCH("-", F45:L45)), MID(F45:L45, SEARCH("-", F45:L45) + 1, 4), ""), "00\:00") < TEXT(IF(ISNUMBER(SEARCH("-", F45:L45)), MID(F45:L45, SEARCH("-", F45:L45) - 4, 4), ""), "00\:00"), 1, 0))*24,""))))/9.5} -> 1 | P45: =N45+O45 -> 1 | R45: =IF($C$4=1,SUM(P45+INDIRECT("'Week "&($B$3+1)&"'!P"&(ROW()))),IF($C$4=2,SUM(P45+INDIRECT("'Week "&($B$3-1)&"'!P"&(ROW()))))) -> 1 | S45: =(IFERROR(VLOOKUP(D45,'Employee Numbers'!$A$3:$C$84,3,FALSE),"NOT FOUND"))*8 -> 1 | U45: =COUNTIF(E45:K45,"0800-1730") -> 0 | V45: =COUNTIF(F45:L45,"1???-00?0") -> 1 | W45: =COUNTIF(F45:L45,"*0800-1730*CS*")+COUNTIF(F45:L45,"*0800-1730*DEMT*") -> 0 | Y45: =COUNTIF(K45:L45,"???0-*") -> 0
A46: Paediatric Emergency Consultant | D46: Dr Deb Morawetz | E46: =IFERROR(VLOOKUP(D46,'Employee Numbers'!$A$3:$B$83,2,FALSE),"NOT FOUND") -> 621953 | L46: 0800-1730 | N46: {=((SUM(IFERROR((TEXT(IF(ISNUMBER(SEARCH("-", F46:L46)), MID(F46:L46, SEARCH("-", F46:L46) + 1, 4), ""), "00\:00") - TEXT(IF(ISNUMBER(SEARCH("-", F46:L46)), MID(F46:L46, SEARCH("-", F46:L46) - 4, 4), ""), "00\:00") + IF(TEXT(IF(ISNUMBER(SEARCH("-", F46:L46)), MID(F46:L46, SEARCH("-", F46:L46) + 1, 4), ""), "00\:00") < TEXT(IF(ISNUMBER(SEARCH("-", F46:L46)), MID(F46:L46, SEARCH("-", F46:L46) - 4, 4), ""), "00\:00"), 1, 0))*24,""))))/9.5} -> 1 | P46: =N46+O46 -> 1 | R46: =IF($C$4=1,SUM(P46+INDIRECT("'Week "&($B$3+1)&"'!P"&(ROW()))),IF($C$4=2,SUM(P46+INDIRECT("'Week "&($B$3-1)&"'!P"&(ROW()))))) -> 1 | S46: =(IFERROR(VLOOKUP(D46,'Employee Numbers'!$A$3:$C$84,3,FALSE),"NOT FOUND"))*8 -> 1 | U46: =COUNTIF(E46:K46,"0800-1730") -> 0 | V46: =COUNTIF(F46:L46,"1???-00?0") -> 0 | W46: =COUNTIF(F46:L46,"*0800-1730*CS*")+COUNTIF(F46:L46,"*0800-1730*DEMT*") -> 0 | Y46: =COUNTIF(K46:L46,"???0-*") -> 1
A47: Paediatric Emergency Consultant | D47: Dr Priya Jeyaveerasingam | E47: =IFERROR(VLOOKUP(D47,'Employee Numbers'!$A$3:$B$83,2,FALSE),"NOT FOUND") -> 614504 | G47: 0800-1730 | N47: {=((SUM(IFERROR((TEXT(IF(ISNUMBER(SEARCH("-", F47:L47)), MID(F47:L47, SEARCH("-", F47:L47) + 1, 4), ""), "00\:00") - TEXT(IF(ISNUMBER(SEARCH("-", F47:L47)), MID(F47:L47, SEARCH("-", F47:L47) - 4, 4), ""), "00\:00") + IF(TEXT(IF(ISNUMBER(SEARCH("-", F47:L47)), MID(F47:L47, SEARCH("-", F47:L47) + 1, 4), ""), "00\:00") < TEXT(IF(ISNUMBER(SEARCH("-", F47:L47)), MID(F47:L47, SEARCH("-", F47:L47) - 4, 4), ""), "00\:00"), 1, 0))*24,""))))/9.5} -> 1 | P47: =N47+O47 -> 1 | R47: =IF($C$4=1,SUM(P47+INDIRECT("'Week "&($B$3+1)&"'!P"&(ROW()))),IF($C$4=2,SUM(P47+INDIRECT("'Week "&($B$3-1)&"'!P"&(ROW()))))) -> 1 | S47: =(IFERROR(VLOOKUP(D47,'Employee Numbers'!$A$3:$C$84,3,FALSE),"NOT FOUND"))*8 -> 1 | U47: =COUNTIF(E47:K47,"0800-1730") -> 1 | V47: =COUNTIF(F47:L47,"1???-00?0") -> 0 | W47: =COUNTIF(F47:L47,"*0800-1730*CS*")+COUNTIF(F47:L47,"*0800-1730*DEMT*") -> 0 | Y47: =COUNTIF(K47:L47,"???0-*") -> 0
A48: Paediatric Emergency Consultant | D48: Locum | E48: =IFERROR(VLOOKUP(D48,'Employee Numbers'!$A$3:$B$83,2,FALSE),"NOT FOUND") -> N/A
A49: Paediatric Emergency Consultant | D49: Locum | E49: =IFERROR(VLOOKUP(D49,'Employee Numbers'!$A$3:$B$83,2,FALSE),"NOT FOUND") -> N/A
D50: ONCALL 0000-0800 | F50: Dr Adnan Bilgrami | G50: Dr Matthew Tang | H50: Dr Celia Bagshaw | I50: Dr Bev Thompson | J50: Dr Gargi Kanabar | K50: Dr Stella Robinson | L50: Dr Bob Seith
R51: =(N54+P54)*9.5/38*5 -> 3.75
F52: =+F19 -> 46146 | G52: =F52+1 -> 46147 | H52: =G52+1 -> 46148 | I52: =H52+1 -> 46149 | J52: =I52+1 -> 46150 | K52: =J52+1 -> 46151 | L52: =K52+1 -> 46152 | N52: Weekly | O52: Annual & parental leave | P52: Exam/Conf leave | Q52: Total | R52: Training time | S52: PP | T52: PP Contracted
A53: Fellow | D53: Fellow | E53: Emp No | F53: Monday | G53: Tuesday | H53: Wednesday Teaching 1000-1400 | I53: Thursday | J53: Friday | K53: Saturday | L53: Sunday | N53: (shifts) | O53: no TT | P53: TT | R53: (hours) | S53: (shifts) | T53: (shifts)
A54: Paediatric Emergency Fellow | D54: Ellen Scott (0.75) | E54: =IFERROR(VLOOKUP(D54,'Employee Numbers'!$A$3:$B$83,2,FALSE),"NOT FOUND") -> 634905 | F54: 1430-0000 | H54: 0800-1730 | L54: 1430-0000 | N54: {=((SUM(IFERROR((TEXT(IF(ISNUMBER(SEARCH("-", F54:L54)), MID(F54:L54, SEARCH("-", F54:L54) + 1, 4), ""), "00\:00") - TEXT(IF(ISNUMBER(SEARCH("-", F54:L54)), MID(F54:L54, SEARCH("-", F54:L54) - 4, 4), ""), "00\:00") + IF(TEXT(IF(ISNUMBER(SEARCH("-", F54:L54)), MID(F54:L54, SEARCH("-", F54:L54) + 1, 4), ""), "00\:00") < TEXT(IF(ISNUMBER(SEARCH("-", F54:L54)), MID(F54:L54, SEARCH("-", F54:L54) - 4, 4), ""), "00\:00"), 1, 0))*24,""))))/9.5} -> 3 | Q54: =P54+O54+N54 -> 3 | R54: =IF(ISNUMBER(SEARCH("trg_5",H146)),5,IF(ISNUMBER(SEARCH("trg_3.75",H146)),3.75,IF(ISNUMBER(SEARCH("trg_2.5",H146)),2.5,IF(ISNUMBER(SEARCH("trg_1.75",H146)),1.75,0)))) -> 3.75 | S54: =IF($C$4=1,SUM(Q54+INDIRECT("'Week "&($B$3+1)&"'!Q"&(ROW()))),IF($C$4=2,SUM(Q54+INDIRECT("'Week "&($B$3-1)&"'!Q"&(ROW()))))) -> 6 | T54: =(IFERROR(VLOOKUP(D54,'Employee Numbers'!$A$3:$C$84,3,FALSE),"NOT FOUND"))*8 -> 8
A55: Paediatric Emergency Fellow | D55: Seamus Harrington | E55: =IFERROR(VLOOKUP(D55,'Employee Numbers'!$A$3:$B$83,2,FALSE),"NOT FOUND") -> 704751 | F55: 1430-0000 | G55: 1430-0000 | K55: 1430-0000 | L55: 1430-0000 | N55: {=((SUM(IFERROR((TEXT(IF(ISNUMBER(SEARCH("-", F55:L55)), MID(F55:L55, SEARCH("-", F55:L55) + 1, 4), ""), "00\:00") - TEXT(IF(ISNUMBER(SEARCH("-", F55:L55)), MID(F55:L55, SEARCH("-", F55:L55) - 4, 4), ""), "00\:00") + IF(TEXT(IF(ISNUMBER(SEARCH("-", F55:L55)), MID(F55:L55, SEARCH("-", F55:L55) + 1, 4), ""), "00\:00") < TEXT(IF(ISNUMBER(SEARCH("-", F55:L55)), MID(F55:L55, SEARCH("-", F55:L55) - 4, 4), ""), "00\:00"), 1, 0))*24,""))))/9.5} -> 4 | Q55: =P55+O55+N55 -> 4 | R55: =IF(ISNUMBER(SEARCH("trg_5",H147)),5,IF(ISNUMBER(SEARCH("trg_3.75",H147)),3.75,IF(ISNUMBER(SEARCH("trg_2.5",H147)),2.5,IF(ISNUMBER(SEARCH("trg_1.75",H147)),1.75,0)))) -> 5 | S55: =IF($C$4=1,SUM(Q55+INDIRECT("'Week "&($B$3+1)&"'!Q"&(ROW()))),IF($C$4=2,SUM(Q55+INDIRECT("'Week "&($B$3-1)&"'!Q"&(ROW()))))) -> 8 | T55: =(IFERROR(VLOOKUP(D55,'Employee Numbers'!$A$3:$C$84,3,FALSE),"NOT FOUND"))*8 -> 0
A56: Paediatric Emergency Fellow | D56: Antra Ansons | E56: =IFERROR(VLOOKUP(D56,'Employee Numbers'!$A$3:$B$83,2,FALSE),"NOT FOUND") -> 637219 | G56: S/L AM | J56: 0800-1730 | K56: 1430-0000 | L56: 1430-0000 | N56: {=((SUM(IFERROR((TEXT(IF(ISNUMBER(SEARCH("-", F56:L56)), MID(F56:L56, SEARCH("-", F56:L56) + 1, 4), ""), "00\:00") - TEXT(IF(ISNUMBER(SEARCH("-", F56:L56)), MID(F56:L56, SEARCH("-", F56:L56) - 4, 4), ""), "00\:00") + IF(TEXT(IF(ISNUMBER(SEARCH("-", F56:L56)), MID(F56:L56, SEARCH("-", F56:L56) + 1, 4), ""), "00\:00") < TEXT(IF(ISNUMBER(SEARCH("-", F56:L56)), MID(F56:L56, SEARCH("-", F56:L56) - 4, 4), ""), "00\:00"), 1, 0))*24,""))))/9.5} -> 3 | Q56: =P56+O56+N56 -> 3 | R56: =IF(ISNUMBER(SEARCH("trg_5",H148)),5,IF(ISNUMBER(SEARCH("trg_3.75",H148)),3.75,IF(ISNUMBER(SEARCH("trg_2.5",H148)),2.5,IF(ISNUMBER(SEARCH("trg_1.75",H148)),1.75,0)))) -> 5 | S56: =IF($C$4=1,SUM(Q56+INDIRECT("'Week "&($B$3+1)&"'!Q"&(ROW()))),IF($C$4=2,SUM(Q56+INDIRECT("'Week "&($B$3-1)&"'!Q"&(ROW()))))) -> 7 | T56: =(IFERROR(VLOOKUP(D56,'Employee Numbers'!$A$3:$C$84,3,FALSE),"NOT FOUND"))*8 -> 0
A57: Paediatric Emergency Fellow | E57: =IFERROR(VLOOKUP(D57,'Employee Numbers'!$A$3:$B$83,2,FALSE),"NOT FOUND") -> NOT FOUND | N57: {=((SUM(IFERROR((TEXT(IF(ISNUMBER(SEARCH("-", F57:L57)), MID(F57:L57, SEARCH("-", F57:L57) + 1, 4), ""), "00\:00") - TEXT(IF(ISNUMBER(SEARCH("-", F57:L57)), MID(F57:L57, SEARCH("-", F57:L57) - 4, 4), ""), "00\:00") + IF(TEXT(IF(ISNUMBER(SEARCH("-", F57:L57)), MID(F57:L57, SEARCH("-", F57:L57) + 1, 4), ""), "00\:00") < TEXT(IF(ISNUMBER(SEARCH("-", F57:L57)), MID(F57:L57, SEARCH("-", F57:L57) - 4, 4), ""), "00\:00"), 1, 0))*24,""))))/9.5} -> 0 | Q57: =P57+O57+N57 -> 0 | R57: =IF(ISNUMBER(SEARCH("trg_5",H149)),5,IF(ISNUMBER(SEARCH("trg_3.75",H149)),3.75,IF(ISNUMBER(SEARCH("trg_2.5",H149)),2.5,IF(ISNUMBER(SEARCH("trg_1.75",H149)),1.75,0)))) -> 2.5 | S57: =IF($C$4=1,SUM(Q57+INDIRECT("'Week "&($B$3+1)&"'!Q"&(ROW()))),IF($C$4=2,SUM(Q57+INDIRECT("'Week "&($B$3-1)&"'!Q"&(ROW()))))) -> 0 | T57: =(IFERROR(VLOOKUP(D57,'Employee Numbers'!$A$3:$C$84,3,FALSE),"NOT FOUND"))*8 -> #VALUE!
A58: Paediatric Emergency Fellow | E58: =IFERROR(VLOOKUP(D58,'Employee Numbers'!$A$3:$B$83,2,FALSE),"NOT FOUND") -> NOT FOUND | N58: {=((SUM(IFERROR((TEXT(IF(ISNUMBER(SEARCH("-", F58:L58)), MID(F58:L58, SEARCH("-", F58:L58) + 1, 4), ""), "00\:00") - TEXT(IF(ISNUMBER(SEARCH("-", F58:L58)), MID(F58:L58, SEARCH("-", F58:L58) - 4, 4), ""), "00\:00") + IF(TEXT(IF(ISNUMBER(SEARCH("-", F58:L58)), MID(F58:L58, SEARCH("-", F58:L58) + 1, 4), ""), "00\:00") < TEXT(IF(ISNUMBER(SEARCH("-", F58:L58)), MID(F58:L58, SEARCH("-", F58:L58) - 4, 4), ""), "00\:00"), 1, 0))*24,""))))/9.5} -> 0 | Q58: =P58+O58+N58 -> 0 | R58: =IF(ISNUMBER(SEARCH("trg_5",H150)),5,IF(ISNUMBER(SEARCH("trg_3.75",H150)),3.75,IF(ISNUMBER(SEARCH("trg_2.5",H150)),2.5,IF(ISNUMBER(SEARCH("trg_1.75",H150)),1.75,0)))) -> 2.5 | S58: =IF($C$4=1,SUM(Q58+INDIRECT("'Week "&($B$3+1)&"'!Q"&(ROW()))),IF($C$4=2,SUM(Q58+INDIRECT("'Week "&($B$3-1)&"'!Q"&(ROW()))))) -> 0 | T58: =(IFERROR(VLOOKUP(D58,'Employee Numbers'!$A$3:$C$84,3,FALSE),"NOT FOUND"))*8 -> #VALUE!
A59: Paediatric Emergency Fellow | E59: =IFERROR(VLOOKUP(D59,'Employee Numbers'!$A$3:$B$83,2,FALSE),"NOT FOUND") -> NOT FOUND | N59: {=((SUM(IFERROR((TEXT(IF(ISNUMBER(SEARCH("-", F59:L59)), MID(F59:L59, SEARCH("-", F59:L59) + 1, 4), ""), "00\:00") - TEXT(IF(ISNUMBER(SEARCH("-", F59:L59)), MID(F59:L59, SEARCH("-", F59:L59) - 4, 4), ""), "00\:00") + IF(TEXT(IF(ISNUMBER(SEARCH("-", F59:L59)), MID(F59:L59, SEARCH("-", F59:L59) + 1, 4), ""), "00\:00") < TEXT(IF(ISNUMBER(SEARCH("-", F59:L59)), MID(F59:L59, SEARCH("-", F59:L59) - 4, 4), ""), "00\:00"), 1, 0))*24,""))))/9.5} -> 0 | Q59: =P59+O59+N59 -> 0 | R59: =IF(ISNUMBER(SEARCH("trg_5",H151)),5,IF(ISNUMBER(SEARCH("trg_3.75",H151)),3.75,IF(ISNUMBER(SEARCH("trg_2.5",H151)),2.5,IF(ISNUMBER(SEARCH("trg_1.75",H151)),1.75,0)))) -> 2.5 | S59: =IF($C$4=1,SUM(Q59+INDIRECT("'Week "&($B$3+1)&"'!Q"&(ROW()))),IF($C$4=2,SUM(Q59+INDIRECT("'Week "&($B$3-1)&"'!Q"&(ROW()))))) -> 0 | T59: =(IFERROR(VLOOKUP(D59,'Employee Numbers'!$A$3:$C$84,3,FALSE),"NOT FOUND"))*8 -> #VALUE!
A60: Registrar | D60: Registrar | E60: Emp No | F60: Monday | G60: Tuesday | H60: Wednesday Teaching 1000-1400 | I60: Thursday | J60: Friday | K60: Saturday | L60: Sunday
A61: Paediatric Emergency Registrar | D61: Mark Lim | E61: =IFERROR(VLOOKUP(D61,'Employee Numbers'!$A$3:$B$83,2,FALSE),"NOT FOUND") -> 638531 | F61: 1430-0000 | J61: 2300-0830 | K61: 2300-0830 | L61: 2300-0830 | N61: {=((SUM(IFERROR((TEXT(IF(ISNUMBER(SEARCH("-", F61:L61)), MID(F61:L61, SEARCH("-", F61:L61) + 1, 4), ""), "00\:00") - TEXT(IF(ISNUMBER(SEARCH("-", F61:L61)), MID(F61:L61, SEARCH("-", F61:L61) - 4, 4), ""), "00\:00") + IF(TEXT(IF(ISNUMBER(SEARCH("-", F61:L61)), MID(F61:L61, SEARCH("-", F61:L61) + 1, 4), ""), "00\:00") < TEXT(IF(ISNUMBER(SEARCH("-", F61:L61)), MID(F61:L61, SEARCH("-", F61:L61) - 4, 4), ""), "00\:00"), 1, 0))*24,""))))/9.5} -> 4 | Q61: =P61+O61+N61 -> 4 | R61: =IF(ISNUMBER(SEARCH("trg_5",H153)),5,IF(ISNUMBER(SEARCH("trg_3.75",H153)),3.75,IF(ISNUMBER(SEARCH("trg_2.5",H153)),2.5,IF(ISNUMBER(SEARCH("trg_1.75",H153)),1.75,0)))) -> 5 | S61: =IF($C$4=1,SUM(Q61+INDIRECT("'Week "&($B$3+1)&"'!Q"&(ROW()))),IF($C$4=2,SUM(Q61+INDIRECT("'Week "&($B$3-1)&"'!Q"&(ROW()))))) -> 8 | T61: =(IFERROR(VLOOKUP(D61,'Employee Numbers'!$A$3:$C$84,3,FALSE),"NOT FOUND"))*8 -> 0
A62: Paediatric Emergency Registrar | D62: Melanie Engel | E62: =IFERROR(VLOOKUP(D62,'Employee Numbers'!$A$3:$B$83,2,FALSE),"NOT FOUND") -> 631715 | I62: Exam | J62: Exam | K62: 1430-0000 | L62: 1430-0000 | N62: {=((SUM(IFERROR((TEXT(IF(ISNUMBER(SEARCH("-", F62:L62)), MID(F62:L62, SEARCH("-", F62:L62) + 1, 4), ""), "00\:00") - TEXT(IF(ISNUMBER(SEARCH("-", F62:L62)), MID(F62:L62, SEARCH("-", F62:L62) - 4, 4), ""), "00\:00") + IF(TEXT(IF(ISNUMBER(SEARCH("-", F62:L62)), MID(F62:L62, SEARCH("-", F62:L62) + 1, 4), ""), "00\:00") < TEXT(IF(ISNUMBER(SEARCH("-", F62:L62)), MID(F62:L62, SEARCH("-", F62:L62) - 4, 4), ""), "00\:00"), 1, 0))*24,""))))/9.5} -> 2 | P62: 2 | Q62: =P62+O62+N62 -> 4 | R62: =IF(ISNUMBER(SEARCH("trg_5",H154)),5,IF(ISNUMBER(SEARCH("trg_3.75",H154)),3.75,IF(ISNUMBER(SEARCH("trg_2.5",H154)),2.5,IF(ISNUMBER(SEARCH("trg_1.75",H154)),1.75,0)))) -> 5 | S62: =IF($C$4=1,SUM(Q62+INDIRECT("'Week "&($B$3+1)&"'!Q"&(ROW()))),IF($C$4=2,SUM(Q62+INDIRECT("'Week "&($B$3-1)&"'!Q"&(ROW()))))) -> 8 | T62: =(IFERROR(VLOOKUP(D62,'Employee Numbers'!$A$3:$C$84,3,FALSE),"NOT FOUND"))*8 -> 0
A63: Paediatric Emergency Registrar | D63: Marian Isaac (0.75) | E63: =IFERROR(VLOOKUP(D63,'Employee Numbers'!$A$3:$B$83,2,FALSE),"NOT FOUND") -> 703719 | F63: 1430-0000 | G63: 2300-0830 | H63: 2300-0830 | N63: {=((SUM(IFERROR((TEXT(IF(ISNUMBER(SEARCH("-", F63:L63)), MID(F63:L63, SEARCH("-", F63:L63) + 1, 4), ""), "00\:00") - TEXT(IF(ISNUMBER(SEARCH("-", F63:L63)), MID(F63:L63, SEARCH("-", F63:L63) - 4, 4), ""), "00\:00") + IF(TEXT(IF(ISNUMBER(SEARCH("-", F63:L63)), MID(F63:L63, SEARCH("-", F63:L63) + 1, 4), ""), "00\:00") < TEXT(IF(ISNUMBER(SEARCH("-", F63:L63)), MID(F63:L63, SEARCH("-", F63:L63) - 4, 4), ""), "00\:00"), 1, 0))*24,""))))/9.5} -> 3 | Q63: =P63+O63+N63 -> 3 | R63: =IF(ISNUMBER(SEARCH("trg_5",H155)),5,IF(ISNUMBER(SEARCH("trg_3.75",H155)),3.75,IF(ISNUMBER(SEARCH("trg_2.5",H155)),2.5,IF(ISNUMBER(SEARCH("trg_1.75",H155)),1.75,0)))) -> 3.75 | S63: =IF($C$4=1,SUM(Q63+INDIRECT("'Week "&($B$3+1)&"'!Q"&(ROW()))),IF($C$4=2,SUM(Q63+INDIRECT("'Week "&($B$3-1)&"'!Q"&(ROW()))))) -> 6 | T63: =(IFERROR(VLOOKUP(D63,'Employee Numbers'!$A$3:$C$84,3,FALSE),"NOT FOUND"))*8 -> 0
A64: Paediatric Emergency Registrar | D64: Jonathan Wong (0.75) | E64: =IFERROR(VLOOKUP(D64,'Employee Numbers'!$A$3:$B$83,2,FALSE),"NOT FOUND") -> 637791 | F64: 0800-1730 | I64: 1430-0000 | J64: 1430-0000 | N64: {=((SUM(IFERROR((TEXT(IF(ISNUMBER(SEARCH("-", F64:L64)), MID(F64:L64, SEARCH("-", F64:L64) + 1, 4), ""), "00\:00") - TEXT(IF(ISNUMBER(SEARCH("-", F64:L64)), MID(F64:L64, SEARCH("-", F64:L64) - 4, 4), ""), "00\:00") + IF(TEXT(IF(ISNUMBER(SEARCH("-", F64:L64)), MID(F64:L64, SEARCH("-", F64:L64) + 1, 4), ""), "00\:00") < TEXT(IF(ISNUMBER(SEARCH("-", F64:L64)), MID(F64:L64, SEARCH("-", F64:L64) - 4, 4), ""), "00\:00"), 1, 0))*24,""))))/9.5} -> 3 | Q64: =P64+O64+N64 -> 3 | R64: =IF(ISNUMBER(SEARCH("trg_5",H156)),5,IF(ISNUMBER(SEARCH("trg_3.75",H156)),3.75,IF(ISNUMBER(SEARCH("trg_2.5",H156)),2.5,IF(ISNUMBER(SEARCH("trg_1.75",H156)),1.75,0)))) -> 3.75 | S64: =IF($C$4=1,SUM(Q64+INDIRECT("'Week "&($B$3+1)&"'!Q"&(ROW()))),IF($C$4=2,SUM(Q64+INDIRECT("'Week "&($B$3-1)&"'!Q"&(ROW()))))) -> 6 | T64: =(IFERROR(VLOOKUP(D64,'Employee Numbers'!$A$3:$C$84,3,FALSE),"NOT FOUND"))*8 -> 0
A65: Paediatric Emergency Registrar | D65: Joshua Feek | E65: =IFERROR(VLOOKUP(D65,'Employee Numbers'!$A$3:$B$83,2,FALSE),"NOT FOUND") -> 652867 | I65: 1430-0000 | J65: 1430-0000 | K65: 1430-0000 | L65: 1430-0000 | N65: {=((SUM(IFERROR((TEXT(IF(ISNUMBER(SEARCH("-", F65:L65)), MID(F65:L65, SEARCH("-", F65:L65) + 1, 4), ""), "00\:00") - TEXT(IF(ISNUMBER(SEARCH("-", F65:L65)), MID(F65:L65, SEARCH("-", F65:L65) - 4, 4), ""), "00\:00") + IF(TEXT(IF(ISNUMBER(SEARCH("-", F65:L65)), MID(F65:L65, SEARCH("-", F65:L65) + 1, 4), ""), "00\:00") < TEXT(IF(ISNUMBER(SEARCH("-", F65:L65)), MID(F65:L65, SEARCH("-", F65:L65) - 4, 4), ""), "00\:00"), 1, 0))*24,""))))/9.5} -> 4 | Q65: =P65+O65+N65 -> 4 | R65: =IF(ISNUMBER(SEARCH("trg_5",H157)),5,IF(ISNUMBER(SEARCH("trg_3.75",H157)),3.75,IF(ISNUMBER(SEARCH("trg_2.5",H157)),2.5,IF(ISNUMBER(SEARCH("trg_1.75",H157)),1.75,0)))) -> 5 | S65: =IF($C$4=1,SUM(Q65+INDIRECT("'Week "&($B$3+1)&"'!Q"&(ROW()))),IF($C$4=2,SUM(Q65+INDIRECT("'Week "&($B$3-1)&"'!Q"&(ROW()))))) -> 9 | T65: =(IFERROR(VLOOKUP(D65,'Employee Numbers'!$A$3:$C$84,3,FALSE),"NOT FOUND"))*8 -> 0
A66: Paediatric Emergency Registrar | D66: Andrea Lim (0.5) | E66: =IFERROR(VLOOKUP(D66,'Employee Numbers'!$A$3:$B$83,2,FALSE),"NOT FOUND") -> 611551 | F66: 0800-1730 | J66: 2300-0830 | K66: 2300-0830 | N66: {=((SUM(IFERROR((TEXT(IF(ISNUMBER(SEARCH("-", F66:L66)), MID(F66:L66, SEARCH("-", F66:L66) + 1, 4), ""), "00\:00") - TEXT(IF(ISNUMBER(SEARCH("-", F66:L66)), MID(F66:L66, SEARCH("-", F66:L66) - 4, 4), ""), "00\:00") + IF(TEXT(IF(ISNUMBER(SEARCH("-", F66:L66)), MID(F66:L66, SEARCH("-", F66:L66) + 1, 4), ""), "00\:00") < TEXT(IF(ISNUMBER(SEARCH("-", F66:L66)), MID(F66:L66, SEARCH("-", F66:L66) - 4, 4), ""), "00\:00"), 1, 0))*24,""))))/9.5} -> 3 | Q66: =P66+O66+N66 -> 3 | R66: =IF(ISNUMBER(SEARCH("trg_5",H158)),5,IF(ISNUMBER(SEARCH("trg_3.75",H158)),3.75,IF(ISNUMBER(SEARCH("trg_2.5",H158)),2.5,IF(ISNUMBER(SEARCH("trg_1.75",H158)),1.75,0)))) -> 2.5 | S66: =IF($C$4=1,SUM(Q66+INDIRECT("'Week "&($B$3+1)&"'!Q"&(ROW()))),IF($C$4=2,SUM(Q66+INDIRECT("'Week "&($B$3-1)&"'!Q"&(ROW()))))) -> 5 | T66: =(IFERROR(VLOOKUP(D66,'Employee Numbers'!$A$3:$C$84,3,FALSE),"NOT FOUND"))*8 -> 0
A67: Paediatric Emergency Registrar | D67: Jessica Burgess (0.5) | E67: =IFERROR(VLOOKUP(D67,'Employee Numbers'!$A$3:$B$83,2,FALSE),"NOT FOUND") -> 615820 | F67: AL | N67: {=((SUM(IFERROR((TEXT(IF(ISNUMBER(SEARCH("-", F67:L67)), MID(F67:L67, SEARCH("-", F67:L67) + 1, 4), ""), "00\:00") - TEXT(IF(ISNUMBER(SEARCH("-", F67:L67)), MID(F67:L67, SEARCH("-", F67:L67) - 4, 4), ""), "00\:00") + IF(TEXT(IF(ISNUMBER(SEARCH("-", F67:L67)), MID(F67:L67, SEARCH("-", F67:L67) + 1, 4), ""), "00\:00") < TEXT(IF(ISNUMBER(SEARCH("-", F67:L67)), MID(F67:L67, SEARCH("-", F67:L67) - 4, 4), ""), "00\:00"), 1, 0))*24,""))))/9.5} -> 0 | P67: 2 | Q67: =P67+O67+N67 -> 2 | R67: =IF(ISNUMBER(SEARCH("trg_5",H159)),5,IF(ISNUMBER(SEARCH("trg_3.75",H159)),3.75,IF(ISNUMBER(SEARCH("trg_2.5",H159)),2.5,IF(ISNUMBER(SEARCH("trg_1.75",H159)),1.75,0)))) -> 0 | S67: =IF($C$4=1,SUM(Q67+INDIRECT("'Week "&($B$3+1)&"'!Q"&(ROW()))),IF($C$4=2,SUM(Q67+INDIRECT("'Week "&($B$3-1)&"'!Q"&(ROW()))))) -> 4 | T67: =(IFERROR(VLOOKUP(D67,'Employee Numbers'!$A$3:$C$84,3,FALSE),"NOT FOUND"))*8 -> 0
A68: Paediatric Emergency Registrar | D68: Elisha Gallivan | E68: =IFERROR(VLOOKUP(D68,'Employee Numbers'!$A$3:$B$83,2,FALSE),"NOT FOUND") -> 654727 | F68: AL | N68: {=((SUM(IFERROR((TEXT(IF(ISNUMBER(SEARCH("-", F68:L68)), MID(F68:L68, SEARCH("-", F68:L68) + 1, 4), ""), "00\:00") - TEXT(IF(ISNUMBER(SEARCH("-", F68:L68)), MID(F68:L68, SEARCH("-", F68:L68) - 4, 4), ""), "00\:00") + IF(TEXT(IF(ISNUMBER(SEARCH("-", F68:L68)), MID(F68:L68, SEARCH("-", F68:L68) + 1, 4), ""), "00\:00") < TEXT(IF(ISNUMBER(SEARCH("-", F68:L68)), MID(F68:L68, SEARCH("-", F68:L68) - 4, 4), ""), "00\:00"), 1, 0))*24,""))))/9.5} -> 0 | P68: 4 | Q68: =P68+O68+N68 -> 4 | R68: =IF(ISNUMBER(SEARCH("trg_5",H160)),5,IF(ISNUMBER(SEARCH("trg_3.75",H160)),3.75,IF(ISNUMBER(SEARCH("trg_2.5",H160)),2.5,IF(ISNUMBER(SEARCH("trg_1.75",H160)),1.75,0)))) -> 0 | S68: =IF($C$4=1,SUM(Q68+INDIRECT("'Week "&($B$3+1)&"'!Q"&(ROW()))),IF($C$4=2,SUM(Q68+INDIRECT("'Week "&($B$3-1)&"'!Q"&(ROW()))))) -> 6 | T68: =(IFERROR(VLOOKUP(D68,'Employee Numbers'!$A$3:$C$84,3,FALSE),"NOT FOUND"))*8 -> 0
A69: Paediatric Emergency Registrar | D69: Leila Dosso | E69: =IFERROR(VLOOKUP(D69,'Employee Numbers'!$A$3:$B$83,2,FALSE),"NOT FOUND") -> 702947 | F69: AL | N69: {=((SUM(IFERROR((TEXT(IF(ISNUMBER(SEARCH("-", F69:L69)), MID(F69:L69, SEARCH("-", F69:L69) + 1, 4), ""), "00\:00") - TEXT(IF(ISNUMBER(SEARCH("-", F69:L69)), MID(F69:L69, SEARCH("-", F69:L69) - 4, 4), ""), "00\:00") + IF(TEXT(IF(ISNUMBER(SEARCH("-", F69:L69)), MID(F69:L69, SEARCH("-", F69:L69) + 1, 4), ""), "00\:00") < TEXT(IF(ISNUMBER(SEARCH("-", F69:L69)), MID(F69:L69, SEARCH("-", F69:L69) - 4, 4), ""), "00\:00"), 1, 0))*24,""))))/9.5} -> 0 | P69: 4 | Q69: =P69+O69+N69 -> 4 | R69: =IF(ISNUMBER(SEARCH("trg_5",H161)),5,IF(ISNUMBER(SEARCH("trg_3.75",H161)),3.75,IF(ISNUMBER(SEARCH("trg_2.5",H161)),2.5,IF(ISNUMBER(SEARCH("trg_1.75",H161)),1.75,0)))) -> 0 | S69: =IF($C$4=1,SUM(Q69+INDIRECT("'Week "&($B$3+1)&"'!Q"&(ROW()))),IF($C$4=2,SUM(Q69+INDIRECT("'Week "&($B$3-1)&"'!Q"&(ROW()))))) -> 8 | T69: =(IFERROR(VLOOKUP(D69,'Employee Numbers'!$A$3:$C$84,3,FALSE),"NOT FOUND"))*8 -> 0
A70: Paediatric Emergency Registrar | D70: Efi Tsampou | E70: =IFERROR(VLOOKUP(D70,'Employee Numbers'!$A$3:$B$83,2,FALSE),"NOT FOUND") -> 654002 | F70: 2300-0830 | G70: 2300-0830 | H70: 2300-0830 | I70: 2300-0830 | N70: {=((SUM(IFERROR((TEXT(IF(ISNUMBER(SEARCH("-", F70:L70)), MID(F70:L70, SEARCH("-", F70:L70) + 1, 4), ""), "00\:00") - TEXT(IF(ISNUMBER(SEARCH("-", F70:L70)), MID(F70:L70, SEARCH("-", F70:L70) - 4, 4), ""), "00\:00") + IF(TEXT(IF(ISNUMBER(SEARCH("-", F70:L70)), MID(F70:L70, SEARCH("-", F70:L70) + 1, 4), ""), "00\:00") < TEXT(IF(ISNUMBER(SEARCH("-", F70:L70)), MID(F70:L70, SEARCH("-", F70:L70) - 4, 4), ""), "00\:00"), 1, 0))*24,""))))/9.5} -> 4 | Q70: =P70+O70+N70 -> 4 | R70: =IF(ISNUMBER(SEARCH("trg_5",H162)),5,IF(ISNUMBER(SEARCH("trg_3.75",H162)),3.75,IF(ISNUMBER(SEARCH("trg_2.5",H162)),2.5,IF(ISNUMBER(SEARCH("trg_1.75",H162)),1.75,0)))) -> 5 | S70: =IF($C$4=1,SUM(Q70+INDIRECT("'Week "&($B$3+1)&"'!Q"&(ROW()))),IF($C$4=2,SUM(Q70+INDIRECT("'Week "&($B$3-1)&"'!Q"&(ROW()))))) -> 9 | T70: =(IFERROR(VLOOKUP(D70,'Employee Numbers'!$A$3:$C$84,3,FALSE),"NOT FOUND"))*8 -> 0
A71: Paediatric Emergency Registrar | D71: Marian Panlilio | E71: =IFERROR(VLOOKUP(D71,'Employee Numbers'!$A$3:$B$83,2,FALSE),"NOT FOUND") -> 703068 | H71: S/L PM | I71: 1430-0000 | J71: AL | K71: AL | N71: {=((SUM(IFERROR((TEXT(IF(ISNUMBER(SEARCH("-", F71:L71)), MID(F71:L71, SEARCH("-", F71:L71) + 1, 4), ""), "00\:00") - TEXT(IF(ISNUMBER(SEARCH("-", F71:L71)), MID(F71:L71, SEARCH("-", F71:L71) - 4, 4), ""), "00\:00") + IF(TEXT(IF(ISNUMBER(SEARCH("-", F71:L71)), MID(F71:L71, SEARCH("-", F71:L71) + 1, 4), ""), "00\:00") < TEXT(IF(ISNUMBER(SEARCH("-", F71:L71)), MID(F71:L71, SEARCH("-", F71:L71) - 4, 4), ""), "00\:00"), 1, 0))*24,""))))/9.5} -> 1 | P71: 2 | Q71: =P71+O71+N71 -> 3 | R71: =IF(ISNUMBER(SEARCH("trg_5",H163)),5,IF(ISNUMBER(SEARCH("trg_3.75",H163)),3.75,IF(ISNUMBER(SEARCH("trg_2.5",H163)),2.5,IF(ISNUMBER(SEARCH("trg_1.75",H163)),1.75,0)))) -> 2.5 | S71: =IF($C$4=1,SUM(Q71+INDIRECT("'Week "&($B$3+1)&"'!Q"&(ROW()))),IF($C$4=2,SUM(Q71+INDIRECT("'Week "&($B$3-1)&"'!Q"&(ROW()))))) -> 7 | T71: =(IFERROR(VLOOKUP(D71,'Employee Numbers'!$A$3:$C$84,3,FALSE),"NOT FOUND"))*8 -> 0
A72: Paediatric Emergency Registrar | D72: Takhfif Othman | E72: =IFERROR(VLOOKUP(D72,'Employee Numbers'!$A$3:$B$83,2,FALSE),"NOT FOUND") -> 703911 | I72: 0800-1730 | J72: 1430-0000 | K72: 1430-0000 | L72: 2300-0830 | N72: {=((SUM(IFERROR((TEXT(IF(ISNUMBER(SEARCH("-", F72:L72)), MID(F72:L72, SEARCH("-", F72:L72) + 1, 4), ""), "00\:00") - TEXT(IF(ISNUMBER(SEARCH("-", F72:L72)), MID(F72:L72, SEARCH("-", F72:L72) - 4, 4), ""), "00\:00") + IF(TEXT(IF(ISNUMBER(SEARCH("-", F72:L72)), MID(F72:L72, SEARCH("-", F72:L72) + 1, 4), ""), "00\:00") < TEXT(IF(ISNUMBER(SEARCH("-", F72:L72)), MID(F72:L72, SEARCH("-", F72:L72) - 4, 4), ""), "00\:00"), 1, 0))*24,""))))/9.5} -> 4 | Q72: =P72+O72+N72 -> 4 | R72: =IF(ISNUMBER(SEARCH("trg_5",H164)),5,IF(ISNUMBER(SEARCH("trg_3.75",H164)),3.75,IF(ISNUMBER(SEARCH("trg_2.5",H164)),2.5,IF(ISNUMBER(SEARCH("trg_1.75",H164)),1.75,0)))) -> 5 | S72: =IF($C$4=1,SUM(Q72+INDIRECT("'Week "&($B$3+1)&"'!Q"&(ROW()))),IF($C$4=2,SUM(Q72+INDIRECT("'Week "&($B$3-1)&"'!Q"&(ROW()))))) -> 8 | T72: =(IFERROR(VLOOKUP(D72,'Employee Numbers'!$A$3:$C$84,3,FALSE),"NOT FOUND"))*8 -> 0
A73: Paediatric Emergency Registrar | D73: Toby Obrien | E73: =IFERROR(VLOOKUP(D73,'Employee Numbers'!$A$3:$B$83,2,FALSE),"NOT FOUND") -> 633936 | F73: 2300-0830 | I73: 0800-1730 | N73: {=((SUM(IFERROR((TEXT(IF(ISNUMBER(SEARCH("-", F73:L73)), MID(F73:L73, SEARCH("-", F73:L73) + 1, 4), ""), "00\:00") - TEXT(IF(ISNUMBER(SEARCH("-", F73:L73)), MID(F73:L73, SEARCH("-", F73:L73) - 4, 4), ""), "00\:00") + IF(TEXT(IF(ISNUMBER(SEARCH("-", F73:L73)), MID(F73:L73, SEARCH("-", F73:L73) + 1, 4), ""), "00\:00") < TEXT(IF(ISNUMBER(SEARCH("-", F73:L73)), MID(F73:L73, SEARCH("-", F73:L73) - 4, 4), ""), "00\:00"), 1, 0))*24,""))))/9.5} -> 2 | Q73: =P73+O73+N73 -> 2 | R73: =IF(ISNUMBER(SEARCH("trg_5",H165)),5,IF(ISNUMBER(SEARCH("trg_3.75",H165)),3.75,IF(ISNUMBER(SEARCH("trg_2.5",H165)),2.5,IF(ISNUMBER(SEARCH("trg_1.75",H165)),1.75,0)))) -> 5 | S73: =IF($C$4=1,SUM(Q73+INDIRECT("'Week "&($B$3+1)&"'!Q"&(ROW()))),IF($C$4=2,SUM(Q73+INDIRECT("'Week "&($B$3-1)&"'!Q"&(ROW()))))) -> 7 | T73: =(IFERROR(VLOOKUP(D73,'Employee Numbers'!$A$3:$C$84,3,FALSE),"NOT FOUND"))*8 -> 0
A74: Paediatric Emergency Registrar | D74: William Jiang | E74: =IFERROR(VLOOKUP(D74,'Employee Numbers'!$A$3:$B$83,2,FALSE),"NOT FOUND") -> 700755 | F74: 0800-1730 | G74: 1430-0000 | H74: 1430-0000 | I74: 1430-0000 | N74: {=((SUM(IFERROR((TEXT(IF(ISNUMBER(SEARCH("-", F74:L74)), MID(F74:L74, SEARCH("-", F74:L74) + 1, 4), ""), "00\:00") - TEXT(IF(ISNUMBER(SEARCH("-", F74:L74)), MID(F74:L74, SEARCH("-", F74:L74) - 4, 4), ""), "00\:00") + IF(TEXT(IF(ISNUMBER(SEARCH("-", F74:L74)), MID(F74:L74, SEARCH("-", F74:L74) + 1, 4), ""), "00\:00") < TEXT(IF(ISNUMBER(SEARCH("-", F74:L74)), MID(F74:L74, SEARCH("-", F74:L74) - 4, 4), ""), "00\:00"), 1, 0))*24,""))))/9.5} -> 4 | Q74: =P74+O74+N74 -> 4 | R74: =IF(ISNUMBER(SEARCH("trg_5",H166)),5,IF(ISNUMBER(SEARCH("trg_3.75",H166)),3.75,IF(ISNUMBER(SEARCH("trg_2.5",H166)),2.5,IF(ISNUMBER(SEARCH("trg_1.75",H166)),1.75,0)))) -> 5 | S74: =IF($C$4=1,SUM(Q74+INDIRECT("'Week "&($B$3+1)&"'!Q"&(ROW()))),IF($C$4=2,SUM(Q74+INDIRECT("'Week "&($B$3-1)&"'!Q"&(ROW()))))) -> 8 | T74: =(IFERROR(VLOOKUP(D74,'Employee Numbers'!$A$3:$C$84,3,FALSE),"NOT FOUND"))*8 -> 0
A75: Paediatric Emergency Registrar | D75: Pam Nelson | E75: =IFERROR(VLOOKUP(D75,'Employee Numbers'!$A$3:$B$83,2,FALSE),"NOT FOUND") -> 704872 | F75: 1430-0000 | G75: 1430-0000 | H75: S/L PM | I75: 2300-0830 | N75: {=((SUM(IFERROR((TEXT(IF(ISNUMBER(SEARCH("-", F75:L75)), MID(F75:L75, SEARCH("-", F75:L75) + 1, 4), ""), "00\:00") - TEXT(IF(ISNUMBER(SEARCH("-", F75:L75)), MID(F75:L75, SEARCH("-", F75:L75) - 4, 4), ""), "00\:00") + IF(TEXT(IF(ISNUMBER(SEARCH("-", F75:L75)), MID(F75:L75, SEARCH("-", F75:L75) + 1, 4), ""), "00\:00") < TEXT(IF(ISNUMBER(SEARCH("-", F75:L75)), MID(F75:L75, SEARCH("-", F75:L75) - 4, 4), ""), "00\:00"), 1, 0))*24,""))))/9.5} -> 3 | Q75: =P75+O75+N75 -> 3 | R75: =IF(ISNUMBER(SEARCH("trg_5",H167)),5,IF(ISNUMBER(SEARCH("trg_3.75",H167)),3.75,IF(ISNUMBER(SEARCH("trg_2.5",H167)),2.5,IF(ISNUMBER(SEARCH("trg_1.75",H167)),1.75,0)))) -> 5 | S75: =IF($C$4=1,SUM(Q75+INDIRECT("'Week "&($B$3+1)&"'!Q"&(ROW()))),IF($C$4=2,SUM(Q75+INDIRECT("'Week "&($B$3-1)&"'!Q"&(ROW()))))) -> 5 | T75: =(IFERROR(VLOOKUP(D75,'Employee Numbers'!$A$3:$C$84,3,FALSE),"NOT FOUND"))*8 -> 0
A76: Paediatric Emergency Registrar | D76: Phoebe Franich | E76: =IFERROR(VLOOKUP(D76,'Employee Numbers'!$A$3:$B$83,2,FALSE),"NOT FOUND") -> 700712 | F76: S/L PM | G76: S/L PM | I76: EDO | K76: 0800-1730 | L76: 0800-1730 | N76: {=((SUM(IFERROR((TEXT(IF(ISNUMBER(SEARCH("-", F76:L76)), MID(F76:L76, SEARCH("-", F76:L76) + 1, 4), ""), "00\:00") - TEXT(IF(ISNUMBER(SEARCH("-", F76:L76)), MID(F76:L76, SEARCH("-", F76:L76) - 4, 4), ""), "00\:00") + IF(TEXT(IF(ISNUMBER(SEARCH("-", F76:L76)), MID(F76:L76, SEARCH("-", F76:L76) + 1, 4), ""), "00\:00") < TEXT(IF(ISNUMBER(SEARCH("-", F76:L76)), MID(F76:L76, SEARCH("-", F76:L76) - 4, 4), ""), "00\:00"), 1, 0))*24,""))))/9.5} -> 2 | Q76: =P76+O76+N76 -> 2 | R76: =IF(ISNUMBER(SEARCH("trg_5",H168)),5,IF(ISNUMBER(SEARCH("trg_3.75",H168)),3.75,IF(ISNUMBER(SEARCH("trg_2.5",H168)),2.5,IF(ISNUMBER(SEARCH("trg_1.75",H168)),1.75,0)))) -> 5 | S76: =IF($C$4=1,SUM(Q76+INDIRECT("'Week "&($B$3+1)&"'!Q"&(ROW()))),IF($C$4=2,SUM(Q76+INDIRECT("'Week "&($B$3-1)&"'!Q"&(ROW()))))) -> 6 | T76: =(IFERROR(VLOOKUP(D76,'Employee Numbers'!$A$3:$C$84,3,FALSE),"NOT FOUND"))*8 -> 0
A77: Paediatric Emergency Registrar | D77: Marie Papadopulos | E77: =IFERROR(VLOOKUP(D77,'Employee Numbers'!$A$3:$B$83,2,FALSE),"NOT FOUND") -> 700818 | F77: 0800-1730 | G77: 1430-0000 | K77: 2300-0830 | L77: 2300-0830 | N77: {=((SUM(IFERROR((TEXT(IF(ISNUMBER(SEARCH("-", F77:L77)), MID(F77:L77, SEARCH("-", F77:L77) + 1, 4), ""), "00\:00") - TEXT(IF(ISNUMBER(SEARCH("-", F77:L77)), MID(F77:L77, SEARCH("-", F77:L77) - 4, 4), ""), "00\:00") + IF(TEXT(IF(ISNUMBER(SEARCH("-", F77:L77)), MID(F77:L77, SEARCH("-", F77:L77) + 1, 4), ""), "00\:00") < TEXT(IF(ISNUMBER(SEARCH("-", F77:L77)), MID(F77:L77, SEARCH("-", F77:L77) - 4, 4), ""), "00\:00"), 1, 0))*24,""))))/9.5} -> 4 | Q77: =P77+O77+N77 -> 4 | R77: =IF(ISNUMBER(SEARCH("trg_5",H169)),5,IF(ISNUMBER(SEARCH("trg_3.75",H169)),3.75,IF(ISNUMBER(SEARCH("trg_2.5",H169)),2.5,IF(ISNUMBER(SEARCH("trg_1.75",H169)),1.75,0)))) -> 5 | S77: =IF($C$4=1,SUM(Q77+INDIRECT("'Week "&($B$3+1)&"'!Q"&(ROW()))),IF($C$4=2,SUM(Q77+INDIRECT("'Week "&($B$3-1)&"'!Q"&(ROW()))))) -> 5 | T77: =(IFERROR(VLOOKUP(D77,'Employee Numbers'!$A$3:$C$84,3,FALSE),"NOT FOUND"))*8 -> 0
A78: Paediatric Emergency Registrar | D78: Stormie de Groot (0.5) | E78: =IFERROR(VLOOKUP(D78,'Employee Numbers'!$A$3:$B$83,2,FALSE),"NOT FOUND") -> 650101 | F78: 1430-0000 | H78: S/L PM | I78: S/L PM | J78: 1430-0000 | N78: {=((SUM(IFERROR((TEXT(IF(ISNUMBER(SEARCH("-", F78:L78)), MID(F78:L78, SEARCH("-", F78:L78) + 1, 4), ""), "00\:00") - TEXT(IF(ISNUMBER(SEARCH("-", F78:L78)), MID(F78:L78, SEARCH("-", F78:L78) - 4, 4), ""), "00\:00") + IF(TEXT(IF(ISNUMBER(SEARCH("-", F78:L78)), MID(F78:L78, SEARCH("-", F78:L78) + 1, 4), ""), "00\:00") < TEXT(IF(ISNUMBER(SEARCH("-", F78:L78)), MID(F78:L78, SEARCH("-", F78:L78) - 4, 4), ""), "00\:00"), 1, 0))*24,""))))/9.5} -> 2 | Q78: =P78+O78+N78 -> 2 | R78: =IF(ISNUMBER(SEARCH("trg_5",H170)),5,IF(ISNUMBER(SEARCH("trg_3.75",H170)),3.75,IF(ISNUMBER(SEARCH("trg_2.5",H170)),2.5,IF(ISNUMBER(SEARCH("trg_1.75",H170)),1.75,0)))) -> 2.5 | S78: =IF($C$4=1,SUM(Q78+INDIRECT("'Week "&($B$3+1)&"'!Q"&(ROW()))),IF($C$4=2,SUM(Q78+INDIRECT("'Week "&($B$3-1)&"'!Q"&(ROW()))))) -> 4 | T78: =(IFERROR(VLOOKUP(D78,'Employee Numbers'!$A$3:$C$84,3,FALSE),"NOT FOUND"))*8 -> 0
A79: Paediatric Emergency Registrar | D79: Joanne Eaton | E79: =IFERROR(VLOOKUP(D79,'Employee Numbers'!$A$3:$B$83,2,FALSE),"NOT FOUND") -> 654888 | F79: 0800-1730 | G79: 1430-0000 | H79: 1430-0000 | I79: 1430-0000 | N79: {=((SUM(IFERROR((TEXT(IF(ISNUMBER(SEARCH("-", F79:L79)), MID(F79:L79, SEARCH("-", F79:L79) + 1, 4), ""), "00\:00") - TEXT(IF(ISNUMBER(SEARCH("-", F79:L79)), MID(F79:L79, SEARCH("-", F79:L79) - 4, 4), ""), "00\:00") + IF(TEXT(IF(ISNUMBER(SEARCH("-", F79:L79)), MID(F79:L79, SEARCH("-", F79:L79) + 1, 4), ""), "00\:00") < TEXT(IF(ISNUMBER(SEARCH("-", F79:L79)), MID(F79:L79, SEARCH("-", F79:L79) - 4, 4), ""), "00\:00"), 1, 0))*24,""))))/9.5} -> 4 | Q79: =P79+O79+N79 -> 4 | R79: =IF(ISNUMBER(SEARCH("trg_5",H171)),5,IF(ISNUMBER(SEARCH("trg_3.75",H171)),3.75,IF(ISNUMBER(SEARCH("trg_2.5",H171)),2.5,IF(ISNUMBER(SEARCH("trg_1.75",H171)),1.75,0)))) -> 5 | S79: =IF($C$4=1,SUM(Q79+INDIRECT("'Week "&($B$3+1)&"'!Q"&(ROW()))),IF($C$4=2,SUM(Q79+INDIRECT("'Week "&($B$3-1)&"'!Q"&(ROW()))))) -> 8 | T79: =(IFERROR(VLOOKUP(D79,'Employee Numbers'!$A$3:$C$84,3,FALSE),"NOT FOUND"))*8 -> 0
A80: Paediatric Emergency Registrar | D80: Helena Li | E80: =IFERROR(VLOOKUP(D80,'Employee Numbers'!$A$3:$B$83,2,FALSE),"NOT FOUND") -> 703880 | I80: 0800-1730 | J80: 0800-1730 | K80: 1430-0000 | L80: 1430-0000 | N80: {=((SUM(IFERROR((TEXT(IF(ISNUMBER(SEARCH("-", F80:L80)), MID(F80:L80, SEARCH("-", F80:L80) + 1, 4), ""), "00\:00") - TEXT(IF(ISNUMBER(SEARCH("-", F80:L80)), MID(F80:L80, SEARCH("-", F80:L80) - 4, 4), ""), "00\:00") + IF(TEXT(IF(ISNUMBER(SEARCH("-", F80:L80)), MID(F80:L80, SEARCH("-", F80:L80) + 1, 4), ""), "00\:00") < TEXT(IF(ISNUMBER(SEARCH("-", F80:L80)), MID(F80:L80, SEARCH("-", F80:L80) - 4, 4), ""), "00\:00"), 1, 0))*24,""))))/9.5} -> 4 | Q80: =P80+O80+N80 -> 4 | R80: =IF(ISNUMBER(SEARCH("trg_5",H172)),5,IF(ISNUMBER(SEARCH("trg_3.75",H172)),3.75,IF(ISNUMBER(SEARCH("trg_2.5",H172)),2.5,IF(ISNUMBER(SEARCH("trg_1.75",H172)),1.75,0)))) -> 5 | S80: =IF($C$4=1,SUM(Q80+INDIRECT("'Week "&($B$3+1)&"'!Q"&(ROW()))),IF($C$4=2,SUM(Q80+INDIRECT("'Week "&($B$3-1)&"'!Q"&(ROW()))))) -> 8 | T80: =(IFERROR(VLOOKUP(D80,'Employee Numbers'!$A$3:$C$84,3,FALSE),"NOT FOUND"))*8 -> 0
A81: Paediatric Emergency Registrar | D81: Mustafa Ozkul | E81: =IFERROR(VLOOKUP(D81,'Employee Numbers'!$A$3:$B$83,2,FALSE),"NOT FOUND") -> 703334 | G81: 0800-1730 | H81: 1430-0000 | I81: 1430-0000 | J81: 1430-0000 | N81: {=((SUM(IFERROR((TEXT(IF(ISNUMBER(SEARCH("-", F81:L81)), MID(F81:L81, SEARCH("-", F81:L81) + 1, 4), ""), "00\:00") - TEXT(IF(ISNUMBER(SEARCH("-", F81:L81)), MID(F81:L81, SEARCH("-", F81:L81) - 4, 4), ""), "00\:00") + IF(TEXT(IF(ISNUMBER(SEARCH("-", F81:L81)), MID(F81:L81, SEARCH("-", F81:L81) + 1, 4), ""), "00\:00") < TEXT(IF(ISNUMBER(SEARCH("-", F81:L81)), MID(F81:L81, SEARCH("-", F81:L81) - 4, 4), ""), "00\:00"), 1, 0))*24,""))))/9.5} -> 4 | Q81: =P81+O81+N81 -> 4 | R81: =IF(ISNUMBER(SEARCH("trg_5",H173)),5,IF(ISNUMBER(SEARCH("trg_3.75",H173)),3.75,IF(ISNUMBER(SEARCH("trg_2.5",H173)),2.5,IF(ISNUMBER(SEARCH("trg_1.75",H173)),1.75,0)))) -> 5 | S81: =IF($C$4=1,SUM(Q81+INDIRECT("'Week "&($B$3+1)&"'!Q"&(ROW()))),IF($C$4=2,SUM(Q81+INDIRECT("'Week "&($B$3-1)&"'!Q"&(ROW()))))) -> 8 | T81: =(IFERROR(VLOOKUP(D81,'Employee Numbers'!$A$3:$C$84,3,FALSE),"NOT FOUND"))*8 -> 0
A82: Paediatric Emergency Registrar | D82: Ritu Chaurasia (0.75) | E82: =IFERROR(VLOOKUP(D82,'Employee Numbers'!$A$3:$B$83,2,FALSE),"NOT FOUND") -> 700538 | F82: 1430-0000 | I82: 2300-0830 | J82: 2300-0830 | N82: {=((SUM(IFERROR((TEXT(IF(ISNUMBER(SEARCH("-", F82:L82)), MID(F82:L82, SEARCH("-", F82:L82) + 1, 4), ""), "00\:00") - TEXT(IF(ISNUMBER(SEARCH("-", F82:L82)), MID(F82:L82, SEARCH("-", F82:L82) - 4, 4), ""), "00\:00") + IF(TEXT(IF(ISNUMBER(SEARCH("-", F82:L82)), MID(F82:L82, SEARCH("-", F82:L82) + 1, 4), ""), "00\:00") < TEXT(IF(ISNUMBER(SEARCH("-", F82:L82)), MID(F82:L82, SEARCH("-", F82:L82) - 4, 4), ""), "00\:00"), 1, 0))*24,""))))/9.5} -> 3 | Q82: =P82+O82+N82 -> 3 | R82: =IF(ISNUMBER(SEARCH("trg_5",H174)),5,IF(ISNUMBER(SEARCH("trg_3.75",H174)),3.75,IF(ISNUMBER(SEARCH("trg_2.5",H174)),2.5,IF(ISNUMBER(SEARCH("trg_1.75",H174)),1.75,0)))) -> 3.75 | S82: =IF($C$4=1,SUM(Q82+INDIRECT("'Week "&($B$3+1)&"'!Q"&(ROW()))),IF($C$4=2,SUM(Q82+INDIRECT("'Week "&($B$3-1)&"'!Q"&(ROW()))))) -> 7 | T82: =(IFERROR(VLOOKUP(D82,'Employee Numbers'!$A$3:$C$84,3,FALSE),"NOT FOUND"))*8 -> 0
A83: Paediatric Emergency Registrar | D83: Jamie Nicholls (0.5) | E83: =IFERROR(VLOOKUP(D83,'Employee Numbers'!$A$3:$B$83,2,FALSE),"NOT FOUND") -> 704862 | N83: {=((SUM(IFERROR((TEXT(IF(ISNUMBER(SEARCH("-", F83:L83)), MID(F83:L83, SEARCH("-", F83:L83) + 1, 4), ""), "00\:00") - TEXT(IF(ISNUMBER(SEARCH("-", F83:L83)), MID(F83:L83, SEARCH("-", F83:L83) - 4, 4), ""), "00\:00") + IF(TEXT(IF(ISNUMBER(SEARCH("-", F83:L83)), MID(F83:L83, SEARCH("-", F83:L83) + 1, 4), ""), "00\:00") < TEXT(IF(ISNUMBER(SEARCH("-", F83:L83)), MID(F83:L83, SEARCH("-", F83:L83) - 4, 4), ""), "00\:00"), 1, 0))*24,""))))/9.5} -> 0 | Q83: =P83+O83+N83 -> 0 | R83: =IF(ISNUMBER(SEARCH("trg_5",H175)),5,IF(ISNUMBER(SEARCH("trg_3.75",H175)),3.75,IF(ISNUMBER(SEARCH("trg_2.5",H175)),2.5,IF(ISNUMBER(SEARCH("trg_1.75",H175)),1.75,0)))) -> 2.5 | S83: =IF($C$4=1,SUM(Q83+INDIRECT("'Week "&($B$3+1)&"'!Q"&(ROW()))),IF($C$4=2,SUM(Q83+INDIRECT("'Week "&($B$3-1)&"'!Q"&(ROW()))))) -> 4 | T83: =(IFERROR(VLOOKUP(D83,'Employee Numbers'!$A$3:$C$84,3,FALSE),"NOT FOUND"))*8 -> 0
A84: Paediatric Emergency Registrar | D84: Rachel Morgan | E84: =IFERROR(VLOOKUP(D84,'Employee Numbers'!$A$3:$B$83,2,FALSE),"NOT FOUND") -> NOT FOUND | H84: 1430-0000 | N84: {=((SUM(IFERROR((TEXT(IF(ISNUMBER(SEARCH("-", F84:L84)), MID(F84:L84, SEARCH("-", F84:L84) + 1, 4), ""), "00\:00") - TEXT(IF(ISNUMBER(SEARCH("-", F84:L84)), MID(F84:L84, SEARCH("-", F84:L84) - 4, 4), ""), "00\:00") + IF(TEXT(IF(ISNUMBER(SEARCH("-", F84:L84)), MID(F84:L84, SEARCH("-", F84:L84) + 1, 4), ""), "00\:00") < TEXT(IF(ISNUMBER(SEARCH("-", F84:L84)), MID(F84:L84, SEARCH("-", F84:L84) - 4, 4), ""), "00\:00"), 1, 0))*24,""))))/9.5} -> 1 | Q84: =P84+O84+N84 -> 1 | R84: =IF(ISNUMBER(SEARCH("trg_5",H176)),5,IF(ISNUMBER(SEARCH("trg_3.75",H176)),3.75,IF(ISNUMBER(SEARCH("trg_2.5",H176)),2.5,IF(ISNUMBER(SEARCH("trg_1.75",H176)),1.75,0)))) -> 5 | S84: =IF($C$4=1,SUM(Q84+INDIRECT("'Week "&($B$3+1)&"'!Q"&(ROW()))),IF($C$4=2,SUM(Q84+INDIRECT("'Week "&($B$3-1)&"'!Q"&(ROW()))))) -> 1 | T84: =(IFERROR(VLOOKUP(D84,'Employee Numbers'!$A$3:$C$84,3,FALSE),"NOT FOUND"))*8 -> #VALUE!
A85: HMO | D85: HMO | E85: Emp No | F85: Monday | G85: Tuesday | H85: Wednesday | I85: Thursday | J85: Friday | K85: Saturday | L85: Sunday
A86: Paediatric Emergency HMO | D86: Firas Hamdan | E86: =IFERROR(VLOOKUP(D86,'Employee Numbers'!$A$3:$B$83,2,FALSE),"NOT FOUND") -> 703066 | F86: 2300-0830 | I86: 0800-1730 | J86: 0800-1730 | K86: 1430-0000 | L86: 1430-0000 | N86: {=((SUM(IFERROR((TEXT(IF(ISNUMBER(SEARCH("-", F86:L86)), MID(F86:L86, SEARCH("-", F86:L86) + 1, 4), ""), "00\:00") - TEXT(IF(ISNUMBER(SEARCH("-", F86:L86)), MID(F86:L86, SEARCH("-", F86:L86) - 4, 4), ""), "00\:00") + IF(TEXT(IF(ISNUMBER(SEARCH("-", F86:L86)), MID(F86:L86, SEARCH("-", F86:L86) + 1, 4), ""), "00\:00") < TEXT(IF(ISNUMBER(SEARCH("-", F86:L86)), MID(F86:L86, SEARCH("-", F86:L86) - 4, 4), ""), "00\:00"), 1, 0))*24,""))))/9.5} -> 5 | Q86: =P86+O86+N86 -> 5 | S86: =IF($C$4=1,SUM(Q86+INDIRECT("'Week "&($B$3+1)&"'!Q"&(ROW()))),IF($C$4=2,SUM(Q86+INDIRECT("'Week "&($B$3-1)&"'!Q"&(ROW()))))) -> 9 | T86: =(IFERROR(VLOOKUP(D86,'Employee Numbers'!$A$3:$C$84,3,FALSE),"NOT FOUND"))*8 -> #VALUE!
A87: Paediatric Emergency HMO | D87: Nicola Sheppard | E87: =IFERROR(VLOOKUP(D87,'Employee Numbers'!$A$3:$B$83,2,FALSE),"NOT FOUND") -> 648637 | F87: 2300-0830 | G87: 2300-0830 | H87: 2300-0830 | N87: {=((SUM(IFERROR((TEXT(IF(ISNUMBER(SEARCH("-", F87:L87)), MID(F87:L87, SEARCH("-", F87:L87) + 1, 4), ""), "00\:00") - TEXT(IF(ISNUMBER(SEARCH("-", F87:L87)), MID(F87:L87, SEARCH("-", F87:L87) - 4, 4), ""), "00\:00") + IF(TEXT(IF(ISNUMBER(SEARCH("-", F87:L87)), MID(F87:L87, SEARCH("-", F87:L87) + 1, 4), ""), "00\:00") < TEXT(IF(ISNUMBER(SEARCH("-", F87:L87)), MID(F87:L87, SEARCH("-", F87:L87) - 4, 4), ""), "00\:00"), 1, 0))*24,""))))/9.5} -> 3 | Q87: =P87+O87+N87 -> 3 | S87: =IF($C$4=1,SUM(Q87+INDIRECT("'Week "&($B$3+1)&"'!Q"&(ROW()))),IF($C$4=2,SUM(Q87+INDIRECT("'Week "&($B$3-1)&"'!Q"&(ROW()))))) -> 8 | T87: =(IFERROR(VLOOKUP(D87,'Employee Numbers'!$A$3:$C$84,3,FALSE),"NOT FOUND"))*8 -> #VALUE!
A88: Paediatric Emergency HMO | D88: Ashwin Anand | E88: =IFERROR(VLOOKUP(D88,'Employee Numbers'!$A$3:$B$83,2,FALSE),"NOT FOUND") -> 703161 | F88: S/L PM | I88: EDO | J88: 2300-0830 | K88: 2300-0830 | L88: 2300-0830 | N88: {=((SUM(IFERROR((TEXT(IF(ISNUMBER(SEARCH("-", F88:L88)), MID(F88:L88, SEARCH("-", F88:L88) + 1, 4), ""), "00\:00") - TEXT(IF(ISNUMBER(SEARCH("-", F88:L88)), MID(F88:L88, SEARCH("-", F88:L88) - 4, 4), ""), "00\:00") + IF(TEXT(IF(ISNUMBER(SEARCH("-", F88:L88)), MID(F88:L88, SEARCH("-", F88:L88) + 1, 4), ""), "00\:00") < TEXT(IF(ISNUMBER(SEARCH("-", F88:L88)), MID(F88:L88, SEARCH("-", F88:L88) - 4, 4), ""), "00\:00"), 1, 0))*24,""))))/9.5} -> 3 | Q88: =P88+O88+N88 -> 3 | S88: =IF($C$4=1,SUM(Q88+INDIRECT("'Week "&($B$3+1)&"'!Q"&(ROW()))),IF($C$4=2,SUM(Q88+INDIRECT("'Week "&($B$3-1)&"'!Q"&(ROW()))))) -> 5 | T88: =(IFERROR(VLOOKUP(D88,'Employee Numbers'!$A$3:$C$84,3,FALSE),"NOT FOUND"))*8 -> #VALUE!
A89: Paediatric Emergency HMO | D89: Yvonne Lynn Wun Zhang | E89: =IFERROR(VLOOKUP(D89,'Employee Numbers'!$A$3:$B$83,2,FALSE),"NOT FOUND") -> 655179 | F89: 0800-1730 | G89: 1430-0000 | I89: 0800-1730 | J89: 1430-0000 | N89: {=((SUM(IFERROR((TEXT(IF(ISNUMBER(SEARCH("-", F89:L89)), MID(F89:L89, SEARCH("-", F89:L89) + 1, 4), ""), "00\:00") - TEXT(IF(ISNUMBER(SEARCH("-", F89:L89)), MID(F89:L89, SEARCH("-", F89:L89) - 4, 4), ""), "00\:00") + IF(TEXT(IF(ISNUMBER(SEARCH("-", F89:L89)), MID(F89:L89, SEARCH("-", F89:L89) + 1, 4), ""), "00\:00") < TEXT(IF(ISNUMBER(SEARCH("-", F89:L89)), MID(F89:L89, SEARCH("-", F89:L89) - 4, 4), ""), "00\:00"), 1, 0))*24,""))))/9.5} -> 4 | Q89: =P89+O89+N89 -> 4 | S89: =IF($C$4=1,SUM(Q89+INDIRECT("'Week "&($B$3+1)&"'!Q"&(ROW()))),IF($C$4=2,SUM(Q89+INDIRECT("'Week "&($B$3-1)&"'!Q"&(ROW()))))) -> 8 | T89: =(IFERROR(VLOOKUP(D89,'Employee Numbers'!$A$3:$C$84,3,FALSE),"NOT FOUND"))*8 -> #VALUE!
A90: Paediatric Emergency HMO | D90: Mehro Mashhadi | E90: =IFERROR(VLOOKUP(D90,'Employee Numbers'!$A$3:$B$83,2,FALSE),"NOT FOUND") -> 700812 | F90: 0800-1730 | I90: 1430-0000 | K90: 0800-1730 | L90: 0800-1730 | N90: {=((SUM(IFERROR((TEXT(IF(ISNUMBER(SEARCH("-", F90:L90)), MID(F90:L90, SEARCH("-", F90:L90) + 1, 4), ""), "00\:00") - TEXT(IF(ISNUMBER(SEARCH("-", F90:L90)), MID(F90:L90, SEARCH("-", F90:L90) - 4, 4), ""), "00\:00") + IF(TEXT(IF(ISNUMBER(SEARCH("-", F90:L90)), MID(F90:L90, SEARCH("-", F90:L90) + 1, 4), ""), "00\:00") < TEXT(IF(ISNUMBER(SEARCH("-", F90:L90)), MID(F90:L90, SEARCH("-", F90:L90) - 4, 4), ""), "00\:00"), 1, 0))*24,""))))/9.5} -> 4 | Q90: =P90+O90+N90 -> 4 | S90: =IF($C$4=1,SUM(Q90+INDIRECT("'Week "&($B$3+1)&"'!Q"&(ROW()))),IF($C$4=2,SUM(Q90+INDIRECT("'Week "&($B$3-1)&"'!Q"&(ROW()))))) -> 8 | T90: =(IFERROR(VLOOKUP(D90,'Employee Numbers'!$A$3:$C$84,3,FALSE),"NOT FOUND"))*8 -> #VALUE!
A91: Paediatric Emergency HMO | D91: Orlaith O'Donovan | E91: =IFERROR(VLOOKUP(D91,'Employee Numbers'!$A$3:$B$83,2,FALSE),"NOT FOUND") -> 703157 | F91: 0800-1730 | H91: 0800-1730 | I91: 0800-1730 | J91: 1430-0000 | N91: {=((SUM(IFERROR((TEXT(IF(ISNUMBER(SEARCH("-", F91:L91)), MID(F91:L91, SEARCH("-", F91:L91) + 1, 4), ""), "00\:00") - TEXT(IF(ISNUMBER(SEARCH("-", F91:L91)), MID(F91:L91, SEARCH("-", F91:L91) - 4, 4), ""), "00\:00") + IF(TEXT(IF(ISNUMBER(SEARCH("-", F91:L91)), MID(F91:L91, SEARCH("-", F91:L91) + 1, 4), ""), "00\:00") < TEXT(IF(ISNUMBER(SEARCH("-", F91:L91)), MID(F91:L91, SEARCH("-", F91:L91) - 4, 4), ""), "00\:00"), 1, 0))*24,""))))/9.5} -> 4 | Q91: =P91+O91+N91 -> 4 | S91: =IF($C$4=1,SUM(Q91+INDIRECT("'Week "&($B$3+1)&"'!Q"&(ROW()))),IF($C$4=2,SUM(Q91+INDIRECT("'Week "&($B$3-1)&"'!Q"&(ROW()))))) -> 8 | T91: =(IFERROR(VLOOKUP(D91,'Employee Numbers'!$A$3:$C$84,3,FALSE),"NOT FOUND"))*8 -> #VALUE!
A92: Paediatric Emergency HMO | D92: Wenqian Li | E92: =IFERROR(VLOOKUP(D92,'Employee Numbers'!$A$3:$B$83,2,FALSE),"NOT FOUND") -> 655173 | G92: 1430-0000 | H92: 1430-0000 | K92: 1430-0000 | L92: 1430-0000 | N92: {=((SUM(IFERROR((TEXT(IF(ISNUMBER(SEARCH("-", F92:L92)), MID(F92:L92, SEARCH("-", F92:L92) + 1, 4), ""), "00\:00") - TEXT(IF(ISNUMBER(SEARCH("-", F92:L92)), MID(F92:L92, SEARCH("-", F92:L92) - 4, 4), ""), "00\:00") + IF(TEXT(IF(ISNUMBER(SEARCH("-", F92:L92)), MID(F92:L92, SEARCH("-", F92:L92) + 1, 4), ""), "00\:00") < TEXT(IF(ISNUMBER(SEARCH("-", F92:L92)), MID(F92:L92, SEARCH("-", F92:L92) - 4, 4), ""), "00\:00"), 1, 0))*24,""))))/9.5} -> 4 | Q92: =P92+O92+N92 -> 4 | S92: =IF($C$4=1,SUM(Q92+INDIRECT("'Week "&($B$3+1)&"'!Q"&(ROW()))),IF($C$4=2,SUM(Q92+INDIRECT("'Week "&($B$3-1)&"'!Q"&(ROW()))))) -> 8 | T92: =(IFERROR(VLOOKUP(D92,'Employee Numbers'!$A$3:$C$84,3,FALSE),"NOT FOUND"))*8 -> #VALUE!
A93: Paediatric Emergency HMO | D93: Angela Yan | E93: =IFERROR(VLOOKUP(D93,'Employee Numbers'!$A$3:$B$83,2,FALSE),"NOT FOUND") -> 705273 | F93: 1430-0000 | G93: 2300-0830 | H93: 2300-0830 | I93: 2300-0830 | N93: {=((SUM(IFERROR((TEXT(IF(ISNUMBER(SEARCH("-", F93:L93)), MID(F93:L93, SEARCH("-", F93:L93) + 1, 4), ""), "00\:00") - TEXT(IF(ISNUMBER(SEARCH("-", F93:L93)), MID(F93:L93, SEARCH("-", F93:L93) - 4, 4), ""), "00\:00") + IF(TEXT(IF(ISNUMBER(SEARCH("-", F93:L93)), MID(F93:L93, SEARCH("-", F93:L93) + 1, 4), ""), "00\:00") < TEXT(IF(ISNUMBER(SEARCH("-", F93:L93)), MID(F93:L93, SEARCH("-", F93:L93) - 4, 4), ""), "00\:00"), 1, 0))*24,""))))/9.5} -> 4 | Q93: =P93+O93+N93 -> 4 | S93: =IF($C$4=1,SUM(Q93+INDIRECT("'Week "&($B$3+1)&"'!Q"&(ROW()))),IF($C$4=2,SUM(Q93+INDIRECT("'Week "&($B$3-1)&"'!Q"&(ROW()))))) -> 8 | T93: =(IFERROR(VLOOKUP(D93,'Employee Numbers'!$A$3:$C$84,3,FALSE),"NOT FOUND"))*8 -> #VALUE!
A94: Paediatric Emergency HMO | D94: Ashlea Coxhill | E94: =IFERROR(VLOOKUP(D94,'Employee Numbers'!$A$3:$B$83,2,FALSE),"NOT FOUND") -> 703418 | F94: 1430-0000 | J94: 2300-0830 | K94: 2300-0830 | L94: 2300-0830 | N94: {=((SUM(IFERROR((TEXT(IF(ISNUMBER(SEARCH("-", F94:L94)), MID(F94:L94, SEARCH("-", F94:L94) + 1, 4), ""), "00\:00") - TEXT(IF(ISNUMBER(SEARCH("-", F94:L94)), MID(F94:L94, SEARCH("-", F94:L94) - 4, 4), ""), "00\:00") + IF(TEXT(IF(ISNUMBER(SEARCH("-", F94:L94)), MID(F94:L94, SEARCH("-", F94:L94) + 1, 4), ""), "00\:00") < TEXT(IF(ISNUMBER(SEARCH("-", F94:L94)), MID(F94:L94, SEARCH("-", F94:L94) - 4, 4), ""), "00\:00"), 1, 0))*24,""))))/9.5} -> 4 | Q94: =P94+O94+N94 -> 4 | S94: =IF($C$4=1,SUM(Q94+INDIRECT("'Week "&($B$3+1)&"'!Q"&(ROW()))),IF($C$4=2,SUM(Q94+INDIRECT("'Week "&($B$3-1)&"'!Q"&(ROW()))))) -> 8 | T94: =(IFERROR(VLOOKUP(D94,'Employee Numbers'!$A$3:$C$84,3,FALSE),"NOT FOUND"))*8 -> #VALUE!
A95: Paediatric Emergency HMO | D95: Phillip Romo | E95: =IFERROR(VLOOKUP(D95,'Employee Numbers'!$A$3:$B$83,2,FALSE),"NOT FOUND") -> 704108 | N95: {=((SUM(IFERROR((TEXT(IF(ISNUMBER(SEARCH("-", F95:L95)), MID(F95:L95, SEARCH("-", F95:L95) + 1, 4), ""), "00\:00") - TEXT(IF(ISNUMBER(SEARCH("-", F95:L95)), MID(F95:L95, SEARCH("-", F95:L95) - 4, 4), ""), "00\:00") + IF(TEXT(IF(ISNUMBER(SEARCH("-", F95:L95)), MID(F95:L95, SEARCH("-", F95:L95) + 1, 4), ""), "00\:00") < TEXT(IF(ISNUMBER(SEARCH("-", F95:L95)), MID(F95:L95, SEARCH("-", F95:L95) - 4, 4), ""), "00\:00"), 1, 0))*24,""))))/9.5} -> 0 | Q95: =P95+O95+N95 -> 0 | S95: =IF($C$4=1,SUM(Q95+INDIRECT("'Week "&($B$3+1)&"'!Q"&(ROW()))),IF($C$4=2,SUM(Q95+INDIRECT("'Week "&($B$3-1)&"'!Q"&(ROW()))))) -> 0 | T95: =(IFERROR(VLOOKUP(D95,'Employee Numbers'!$A$3:$C$84,3,FALSE),"NOT FOUND"))*8 -> #VALUE!
A96: Paediatric Emergency HMO | D96: Houshmand Refaei | E96: =IFERROR(VLOOKUP(D96,'Employee Numbers'!$A$3:$B$83,2,FALSE),"NOT FOUND") -> 651515 | N96: {=((SUM(IFERROR((TEXT(IF(ISNUMBER(SEARCH("-", F96:L96)), MID(F96:L96, SEARCH("-", F96:L96) + 1, 4), ""), "00\:00") - TEXT(IF(ISNUMBER(SEARCH("-", F96:L96)), MID(F96:L96, SEARCH("-", F96:L96) - 4, 4), ""), "00\:00") + IF(TEXT(IF(ISNUMBER(SEARCH("-", F96:L96)), MID(F96:L96, SEARCH("-", F96:L96) + 1, 4), ""), "00\:00") < TEXT(IF(ISNUMBER(SEARCH("-", F96:L96)), MID(F96:L96, SEARCH("-", F96:L96) - 4, 4), ""), "00\:00"), 1, 0))*24,""))))/9.5} -> 0 | Q96: =P96+O96+N96 -> 0 | S96: =IF($C$4=1,SUM(Q96+INDIRECT("'Week "&($B$3+1)&"'!Q"&(ROW()))),IF($C$4=2,SUM(Q96+INDIRECT("'Week "&($B$3-1)&"'!Q"&(ROW()))))) -> 0 | T96: =(IFERROR(VLOOKUP(D96,'Employee Numbers'!$A$3:$C$84,3,FALSE),"NOT FOUND"))*8 -> #VALUE!
A97: Paediatric Emergency HMO | D97: Pavani Wijesuriya | E97: =IFERROR(VLOOKUP(D97,'Employee Numbers'!$A$3:$B$83,2,FALSE),"NOT FOUND") -> 705199 | G97: 0800-1730 | H97: 0800-1730 | K97: 0800-1730 | L97: 0800-1730 | N97: {=((SUM(IFERROR((TEXT(IF(ISNUMBER(SEARCH("-", F97:L97)), MID(F97:L97, SEARCH("-", F97:L97) + 1, 4), ""), "00\:00") - TEXT(IF(ISNUMBER(SEARCH("-", F97:L97)), MID(F97:L97, SEARCH("-", F97:L97) - 4, 4), ""), "00\:00") + IF(TEXT(IF(ISNUMBER(SEARCH("-", F97:L97)), MID(F97:L97, SEARCH("-", F97:L97) + 1, 4), ""), "00\:00") < TEXT(IF(ISNUMBER(SEARCH("-", F97:L97)), MID(F97:L97, SEARCH("-", F97:L97) - 4, 4), ""), "00\:00"), 1, 0))*24,""))))/9.5} -> 4 | Q97: =P97+O97+N97 -> 4 | S97: =IF($C$4=1,SUM(Q97+INDIRECT("'Week "&($B$3+1)&"'!Q"&(ROW()))),IF($C$4=2,SUM(Q97+INDIRECT("'Week "&($B$3-1)&"'!Q"&(ROW()))))) -> 8 | T97: =(IFERROR(VLOOKUP(D97,'Employee Numbers'!$A$3:$C$84,3,FALSE),"NOT FOUND"))*8 -> #VALUE!
A98: Paediatric Emergency HMO | E98: =IFERROR(VLOOKUP(D98,'Employee Numbers'!$A$3:$B$83,2,FALSE),"NOT FOUND") -> NOT FOUND | N98: {=((SUM(IFERROR((TEXT(IF(ISNUMBER(SEARCH("-", F98:L98)), MID(F98:L98, SEARCH("-", F98:L98) + 1, 4), ""), "00\:00") - TEXT(IF(ISNUMBER(SEARCH("-", F98:L98)), MID(F98:L98, SEARCH("-", F98:L98) - 4, 4), ""), "00\:00") + IF(TEXT(IF(ISNUMBER(SEARCH("-", F98:L98)), MID(F98:L98, SEARCH("-", F98:L98) + 1, 4), ""), "00\:00") < TEXT(IF(ISNUMBER(SEARCH("-", F98:L98)), MID(F98:L98, SEARCH("-", F98:L98) - 4, 4), ""), "00\:00"), 1, 0))*24,""))))/9.5} -> 0 | Q98: =P98+O98+N98 -> 0 | S98: =IF($C$4=1,SUM(Q98+INDIRECT("'Week "&($B$3+1)&"'!Q"&(ROW()))),IF($C$4=2,SUM(Q98+INDIRECT("'Week "&($B$3-1)&"'!Q"&(ROW()))))) -> 2 | T98: =(IFERROR(VLOOKUP(D98,'Employee Numbers'!$A$3:$C$84,3,FALSE),"NOT FOUND"))*8 -> #VALUE!
A99: Paediatric Emergency HMO | E99: =IFERROR(VLOOKUP(D99,'Employee Numbers'!$A$3:$B$83,2,FALSE),"NOT FOUND") -> NOT FOUND | N99: {=((SUM(IFERROR((TEXT(IF(ISNUMBER(SEARCH("-", F99:L99)), MID(F99:L99, SEARCH("-", F99:L99) + 1, 4), ""), "00\:00") - TEXT(IF(ISNUMBER(SEARCH("-", F99:L99)), MID(F99:L99, SEARCH("-", F99:L99) - 4, 4), ""), "00\:00") + IF(TEXT(IF(ISNUMBER(SEARCH("-", F99:L99)), MID(F99:L99, SEARCH("-", F99:L99) + 1, 4), ""), "00\:00") < TEXT(IF(ISNUMBER(SEARCH("-", F99:L99)), MID(F99:L99, SEARCH("-", F99:L99) - 4, 4), ""), "00\:00"), 1, 0))*24,""))))/9.5} -> 0 | Q99: =P99+O99+N99 -> 0 | S99: =IF($C$4=1,SUM(Q99+INDIRECT("'Week "&($B$3+1)&"'!Q"&(ROW()))),IF($C$4=2,SUM(Q99+INDIRECT("'Week "&($B$3-1)&"'!Q"&(ROW()))))) -> 0 | T99: =(IFERROR(VLOOKUP(D99,'Employee Numbers'!$A$3:$C$84,3,FALSE),"NOT FOUND"))*8 -> #VALUE!
A100: Intern | D100: Intern | E100: Emp No | F100: Monday | G100: Tuesday | H100: Wednesday | I100: Thursday | J100: Friday | K100: Saturday | L100: Sunday
A101: Paediatric Emergency Intern | D101: Nanditha Hareesh | E101: =IFERROR(VLOOKUP(D101,'Employee Numbers'!$A$3:$B$83,2,FALSE),"NOT FOUND") -> 641345 | F101: 0800-1730 | G101: 0800-1730 | I101: 0800-1730 | J101: 0800-1730 | N101: {=((SUM(IFERROR((TEXT(IF(ISNUMBER(SEARCH("-", F101:L101)), MID(F101:L101, SEARCH("-", F101:L101) + 1, 4), ""), "00\:00") - TEXT(IF(ISNUMBER(SEARCH("-", F101:L101)), MID(F101:L101, SEARCH("-", F101:L101) - 4, 4), ""), "00\:00") + IF(TEXT(IF(ISNUMBER(SEARCH("-", F101:L101)), MID(F101:L101, SEARCH("-", F101:L101) + 1, 4), ""), "00\:00") < TEXT(IF(ISNUMBER(SEARCH("-", F101:L101)), MID(F101:L101, SEARCH("-", F101:L101) - 4, 4), ""), "00\:00"), 1, 0))*24,""))))/9.5} -> 4 | Q101: =P101+O101+N101 -> 4 | S101: =IF($C$4=1,SUM(Q101+INDIRECT("'Week "&($B$3+1)&"'!Q"&(ROW()))),IF($C$4=2,SUM(Q101+INDIRECT("'Week "&($B$3-1)&"'!Q"&(ROW()))))) -> 8 | T101: =(IFERROR(VLOOKUP(D101,'Employee Numbers'!$A$3:$C$84,3,FALSE),"NOT FOUND"))*8 -> 0
A102: Paediatric Emergency Intern | D102: Peter Ahn | E102: =IFERROR(VLOOKUP(D102,'Employee Numbers'!$A$3:$B$83,2,FALSE),"NOT FOUND") -> 703521 | H102: 0800-1730 | I102: 1230-2200 | K102: 0800-1730 | L102: 0800-1730 | N102: {=((SUM(IFERROR((TEXT(IF(ISNUMBER(SEARCH("-", F102:L102)), MID(F102:L102, SEARCH("-", F102:L102) + 1, 4), ""), "00\:00") - TEXT(IF(ISNUMBER(SEARCH("-", F102:L102)), MID(F102:L102, SEARCH("-", F102:L102) - 4, 4), ""), "00\:00") + IF(TEXT(IF(ISNUMBER(SEARCH("-", F102:L102)), MID(F102:L102, SEARCH("-", F102:L102) + 1, 4), ""), "00\:00") < TEXT(IF(ISNUMBER(SEARCH("-", F102:L102)), MID(F102:L102, SEARCH("-", F102:L102) - 4, 4), ""), "00\:00"), 1, 0))*24,""))))/9.5} -> 4 | Q102: =P102+O102+N102 -> 4 | S102: =IF($C$4=1,SUM(Q102+INDIRECT("'Week "&($B$3+1)&"'!Q"&(ROW()))),IF($C$4=2,SUM(Q102+INDIRECT("'Week "&($B$3-1)&"'!Q"&(ROW()))))) -> 8 | T102: =(IFERROR(VLOOKUP(D102,'Employee Numbers'!$A$3:$C$84,3,FALSE),"NOT FOUND"))*8 -> 0
A103: Medical Student | D103: Medical Student
E104: N/A
...

Sheet Week 2
A1: Role (uploaded) | B1: Pager No (uploaded) | C1: Cost Centre (Not Used) | D1: Name (Not Used) | E1: Emp No | F1: Monday | G1: Tuesday | H1: Wednesday | I1: Thursday | J1: Friday | K1: Saturday | L1: Sunday | M1: ONCALL Workrule Code
A2: Date | F2: ='Week 1'!F2+7 -> 46153 | G2: =F2+1 -> 46154 | H2: =G2+1 -> 46155 | I2: =H2+1 -> 46156 | J2: =I2+1 -> 46157 | K2: =J2+1 -> 46158 | L2: =K2+1 -> 46159
A3: Week | B3: =1+(F2-'Week 1'!F2)/7 -> 2
A4: PAY PERIOD WEEK | C4: =IF(INDIRECT("'Week "&(B3-1)&"'!C4")=1,2,IF(INDIRECT("'Week "&(B3-1)&"'!C4")=2,1,_xludf.NA)) -> 2 | D4: ='Week 1'!D4:L4 -> PAEDIATRIC EMERGENCY DEPARTMENT ROSTER - Term 2 2026
D6: AM SMS | F6: =COUNTIF(F$21:F$49,"0800-1???")-COUNTIFS(F$48,"0800-1???",$D$48,"Locum")-COUNTIFS(F$49,"0800-1???",$D$49,"Locum") -> 3 | G6: =COUNTIF(G$21:G$49,"0800-1???")-COUNTIFS(G$48,"0800-1???",$D$48,"Locum")-COUNTIFS(G$49,"0800-1???",$D$49,"Locum") -> 3 | H6: =COUNTIF(H$21:H$49,"0800-1???")-COUNTIFS(H$48,"0800-1???",$D$48,"Locum")-COUNTIFS(H$49,"0800-1???",$D$49,"Locum") -> 3 | I6: =COUNTIF(I$21:I$49,"0800-1???")-COUNTIFS(I$48,"0800-1???",$D$48,"Locum")-COUNTIFS(I$49,"0800-1???",$D$49,"Locum") -> 3 | J6: =COUNTIF(J$21:J$49,"0800-1???")-COUNTIFS(J$48,"0800-1???",$D$48,"Locum")-COUNTIFS(J$49,"0800-1???",$D$49,"Locum") -> 3 | K6: =COUNTIF(K$21:K$49,"0800-1???")-COUNTIFS(K$48,"0800-1???",$D$48,"Locum")-COUNTIFS(K$49,"0800-1???",$D$49,"Locum") -> 2 | L6: =COUNTIF(L$21:L$49,"0800-1???")-COUNTIFS(L$48,"0800-1???",$D$48,"Locum")-COUNTIFS(L$49,"0800-1???",$D$49,"Locum") -> 2
D7: AM JMS | F7: =COUNTIF(F$54:F$102,"0800-1???") -> 6 | G7: =COUNTIF(G$54:G$102,"0800-1???") -> 7 | H7: =COUNTIF(H$54:H$102,"0800-1???") -> 5 | I7: =COUNTIF(I$54:I$102,"0800-1???") -> 4 | J7: =COUNTIF(J$54:J$102,"0800-1???") -> 4 | K7: =COUNTIF(K$54:K$102,"0800-1???") -> 5 | L7: =COUNTIF(L$54:L$102,"0800-1???") -> 6
D8: AM Total | F8: =F6+F7 -> 9 | G8: =G6+G7 -> 10 | H8: =H6+H7 -> 8 | I8: =I6+I7 -> 7 | J8: =J6+J7 -> 7 | K8: =K6+K7 -> 7 | L8: =L6+L7 -> 8
D10: SMS Swing | F10: =COUNTIF(F$21:F$49,"1100-????")-COUNTIFS(F$48,"1100-????",$D$48,"Locum")-COUNTIFS(F$49,"1100-????",$D$49,"Locum") -> 0 | G10: =COUNTIF(G$21:G$49,"1100-????")-COUNTIFS(G$48,"1100-????",$D$48,"Locum")-COUNTIFS(G$49,"1100-????",$D$49,"Locum") -> 0 | H10: =COUNTIF(H$21:H$49,"1100-????")-COUNTIFS(H$48,"1100-????",$D$48,"Locum")-COUNTIFS(H$49,"1100-????",$D$49,"Locum") -> 0 | I10: =COUNTIF(I$21:I$49,"1100-????")-COUNTIFS(I$48,"1100-????",$D$48,"Locum")-COUNTIFS(I$49,"1100-????",$D$49,"Locum") -> 0 | J10: =COUNTIF(J$21:J$49,"1100-????")-COUNTIFS(J$48,"1100-????",$D$48,"Locum")-COUNTIFS(J$49,"1100-????",$D$49,"Locum") -> 0 | K10: =COUNTIF(K$21:K$49,"1100-????")-COUNTIFS(K$48,"1100-????",$D$48,"Locum")-COUNTIFS(K$49,"1100-????",$D$49,"Locum") -> 0 | L10: =COUNTIF(L$21:L$49,"1100-????")-COUNTIFS(L$48,"1100-????",$D$48,"Locum")-COUNTIFS(L$49,"1100-????",$D$49,"Locum") -> 0
D11: JMS Swing | F11: =COUNTIF(F$54:F$102,"1100-????") -> 0 | G11: =COUNTIF(G$54:G$102,"1100-????") -> 0 | H11: =COUNTIF(H$54:H$102,"1100-????") -> 0 | I11: =COUNTIF(I$54:I$102,"1100-????") -> 0 | J11: =COUNTIF(J$54:J$102,"1100-????") -> 0 | K11: =COUNTIF(K$54:K$102,"1100-????") -> 0 | L11: =COUNTIF(L$54:L$102,"1100-????") -> 1
D12: PM SMS | F12: =COUNTIF(F$21:F$49,"1???-00?0")-COUNTIFS(F$48,"1???-00?0",$D$48,"Locum")-COUNTIFS(F$49,"1???-00?0",$D$49,"Locum") -> 3 | G12: =COUNTIF(G$21:G$49,"1???-00?0")-COUNTIFS(G$48,"1???-00?0",$D$48,"Locum")-COUNTIFS(G$49,"1???-00?0",$D$49,"Locum") -> 3 | H12: =COUNTIF(H$21:H$49,"1???-00?0")-COUNTIFS(H$48,"1???-00?0",$D$48,"Locum")-COUNTIFS(H$49,"1???-00?0",$D$49,"Locum") -> 3 | I12: =COUNTIF(I$21:I$49,"1???-00?0")-COUNTIFS(I$48,"1???-00?0",$D$48,"Locum")-COUNTIFS(I$49,"1???-00?0",$D$49,"Locum") -> 3 | J12: =COUNTIF(J$21:J$49,"1???-00?0")-COUNTIFS(J$48,"1???-00?0",$D$48,"Locum")-COUNTIFS(J$49,"1???-00?0",$D$49,"Locum") -> 3 | K12: =COUNTIF(K$21:K$49,"1???-00?0")-COUNTIFS(K$48,"1???-00?0",$D$48,"Locum")-COUNTIFS(K$49,"1???-00?0",$D$49,"Locum") -> 2 | L12: =COUNTIF(L$21:L$49,"1???-00?0")-COUNTIFS(L$48,"1???-00?0",$D$48,"Locum")-COUNTIFS(L$49,"1???-00?0",$D$49,"Locum") -> 2
D13: PM JMS | F13: =COUNTIF(F$54:F$102,"1???-0000*") -> 10 | G13: =COUNTIF(G$54:G$102,"1???-0000*") -> 9 | H13: =COUNTIF(H$54:H$102,"1???-0000*") -> 8 | I13: =COUNTIF(I$54:I$102,"1???-0000*") -> 8 | J13: =COUNTIF(J$54:J$102,"1???-0000*") -> 7 | K13: =COUNTIF(K$54:K$102,"1???-0000*") -> 7 | L13: =COUNTIF(L$54:L$102,"1???-0000*") -> 9
D14: PM Total | F14: =F12+F13 -> 13 | G14: =G12+G13 -> 12 | H14: =H12+H13 -> 11 | I14: =I12+I13 -> 11 | J14: =J12+J13 -> 10 | K14: =K12+K13 -> 9 | L14: =L12+L13 -> 11
D16: Night | F16: =COUNTIF(F$54:F$99,"2300-0830") -> 4 | G16: =COUNTIF(G$54:G$99,"2300-0830") -> 4 | H16: =COUNTIF(H$54:H$99,"2300-0830") -> 5 | I16: =COUNTIF(I$54:I$99,"2300-0830") -> 5 | J16: =COUNTIF(J$54:J$99,"2300-0830") -> 4 | K16: =COUNTIF(K$54:K$99,"2300-0830") -> 4 | L16: =COUNTIF(L$54:L$99,"2300-0830") -> 4
D18: Name | E18: Emp No | F18: Monday | G18: Tuesday | H18: Wednesday | I18: Thursday | J18: Friday | K18: Saturday | L18: Sunday | N18: Weekly | O18: Leave | P18: Total | R18: PP | S18: PP Contracted
F19: =F2 -> 46153 | G19: =F19+1 -> 46154 | H19: =G19+1 -> 46155 | I19: =H19+1 -> 46156 | J19: =I19+1 -> 46157 | K19: =J19+1 -> 46158 | L19: =K19+1 -> 46159 | N19: (shifts) | O19: (shifts) | R19: (shifts) | S19: (shifts) | U19: AM | V19: PM | W19: CS | X19: Swing | Y19: Weekend
A20: Staff Specialist | D20: Staff Specialist
A21: Paediatric Emergency Consultant | D21: Dr Adam West | E21: =IFERROR(VLOOKUP(D21,'Employee Numbers'!$A$3:$B$84,2,FALSE),"NOT FOUND") -> 287628 | F21: 0800-1730 CS | G21: 0800-1730 CS | H21: 0800-1730 CS | I21: 1430-0000 | N21: {=((SUM(IFERROR((TEXT(IF(ISNUMBER(SEARCH("-", F21:L21)), MID(F21:L21, SEARCH("-", F21:L21) + 1, 4), ""), "00\:00") - TEXT(IF(ISNUMBER(SEARCH("-", F21:L21)), MID(F21:L21, SEARCH("-", F21:L21) - 4, 4), ""), "00\:00") + IF(TEXT(IF(ISNUMBER(SEARCH("-", F21:L21)), MID(F21:L21, SEARCH("-", F21:L21) + 1, 4), ""), "00\:00") < TEXT(IF(ISNUMBER(SEARCH("-", F21:L21)), MID(F21:L21, SEARCH("-", F21:L21) - 4, 4), ""), "00\:00"), 1, 0))*24,""))))/9.5} -> 4 | P21: =N21+O21 -> 4 | R21: =IF($C$4=1,SUM(P21+INDIRECT("'Week "&($B$3+1)&"'!P"&(ROW()))),IF($C$4=2,SUM(P21+INDIRECT("'Week "&($B$3-1)&"'!P"&(ROW()))))) -> 8 | S21: =(IFERROR(VLOOKUP(D21,'Employee Numbers'!$A$3:$C$84,3,FALSE),"NOT FOUND"))*8 -> 8 | U21: =COUNTIF(E21:K21,"0800-1730") -> 0 | V21: =COUNTIF(F21:L21,"1???-00?0") -> 1 | W21: =COUNTIF(F21:L21,"*0800-1730*CS*")+COUNTIF(F21:L21,"*0800-1730*DEMT*") -> 3 | Y21: =COUNTIF(K21:L21,"???0-*") -> 0
A22: Paediatric Emergency Consultant | D22: Dr Toby VanHest | E22: =IFERROR(VLOOKUP(D22,'Employee Numbers'!$A$3:$B$84,2,FALSE),"NOT FOUND") -> 609660 | F22: 0800-1730 CS | G22: 0800-1730 CS | H22: 0800-1730 | I22: 1430-0000 | N22: {=((SUM(IFERROR((TEXT(IF(ISNUMBER(SEARCH("-", F22:L22)), MID(F22:L22, SEARCH("-", F22:L22) + 1, 4), ""), "00\:00") - TEXT(IF(ISNUMBER(SEARCH("-", F22:L22)), MID(F22:L22, SEARCH("-", F22:L22) - 4, 4), ""), "00\:00") + IF(TEXT(IF(ISNUMBER(SEARCH("-", F22:L22)), MID(F22:L22, SEARCH("-", F22:L22) + 1, 4), ""), "00\:00") < TEXT(IF(ISNUMBER(SEARCH("-", F22:L22)), MID(F22:L22, SEARCH("-", F22:L22) - 4, 4), ""), "00\:00"), 1, 0))*24,""))))/9.5} -> 4 | P22: =N22+O22 -> 4 | R22: =IF($C$4=1,SUM(P22+INDIRECT("'Week "&($B$3+1)&"'!P"&(ROW()))),IF($C$4=2,SUM(P22+INDIRECT("'Week "&($B$3-1)&"'!P"&(ROW()))))) -> 8 | S22: =(IFERROR(VLOOKUP(D22,'Employee Numbers'!$A$3:$C$84,3,FALSE),"NOT FOUND"))*8 -> 8 | U22: =COUNTIF(E22:K22,"0800-1730") -> 1 | V22: =COUNTIF(F22:L22,"1???-00?0") -> 1 | W22: =COUNTIF(F22:L22,"*0800-1730*CS*")+COUNTIF(F22:L22,"*0800-1730*DEMT*") -> 2 | Y22: =COUNTIF(K22:L22,"???0-*") -> 0
A23: Paediatric Emergency Consultant | D23: Dr Bob Seith | E23: =IFERROR(VLOOKUP(D23,'Employee Numbers'!$A$3:$B$84,2,FALSE),"NOT FOUND") -> 610036 | F23: 0800-1730 CS | G23: 0800-1730 | H23: 0800-1730 | J23: 1430-0000 | N23: {=((SUM(IFERROR((TEXT(IF(ISNUMBER(SEARCH("-", F23:L23)), MID(F23:L23, SEARCH("-", F23:L23) + 1, 4), ""), "00\:00") - TEXT(IF(ISNUMBER(SEARCH("-", F23:L23)), MID(F23:L23, SEARCH("-", F23:L23) - 4, 4), ""), "00\:00") + IF(TEXT(IF(ISNUMBER(SEARCH("-", F23:L23)), MID(F23:L23, SEARCH("-", F23:L23) + 1, 4), ""), "00\:00") < TEXT(IF(ISNUMBER(SEARCH("-", F23:L23)), MID(F23:L23, SEARCH("-", F23:L23) - 4, 4), ""), "00\:00"), 1, 0))*24,""))))/9.5} -> 4 | P23: =N23+O23 -> 4 | R23: =IF($C$4=1,SUM(P23+INDIRECT("'Week "&($B$3+1)&"'!P"&(ROW()))),IF($C$4=2,SUM(P23+INDIRECT("'Week "&($B$3-1)&"'!P"&(ROW()))))) -> 7.8947368 | S23: =(IFERROR(VLOOKUP(D23,'Employee Numbers'!$A$3:$C$84,3,FALSE),"NOT FOUND"))*8 -> 8 | U23: =COUNTIF(E23:K23,"0800-1730") -> 2 | V23: =COUNTIF(F23:L23,"1???-00?0") -> 1 | W23: =COUNTIF(F23:L23,"*0800-1730*CS*")+COUNTIF(F23:L23,"*0800-1730*DEMT*") -> 1 | Y23: =COUNTIF(K23:L23,"???0-*") -> 0
A24: Paediatric Emergency Consultant | D24: Dr Simon Craig | E24: =IFERROR(VLOOKUP(D24,'Employee Numbers'!$A$3:$B$84,2,FALSE),"NOT FOUND") -> 533509 | F24: SAB/L | G24: SAB/L | H24: SAB/L | I24: SAB/L | J24: SAB/L | K24: SAB/L | L24: SAB/L | N24: {=((SUM(IFERROR((TEXT(IF(ISNUMBER(SEARCH("-", F24:L24)), MID(F24:L24, SEARCH("-", F24:L24) + 1, 4), ""), "00\:00") - TEXT(IF(ISNUMBER(SEARCH("-", F24:L24)), MID(F24:L24, SEARCH("-", F24:L24) - 4, 4), ""), "00\:00") + IF(TEXT(IF(ISNUMBER(SEARCH("-", F24:L24)), MID(F24:L24, SEARCH("-", F24:L24) + 1, 4), ""), "00\:00") < TEXT(IF(ISNUMBER(SEARCH("-", F24:L24)), MID(F24:L24, SEARCH("-", F24:L24) - 4, 4), ""), "00\:00"), 1, 0))*24,""))))/9.5} -> 0 | P24: =N24+O24 -> 0 | R24: =IF($C$4=1,SUM(P24+INDIRECT("'Week "&($B$3+1)&"'!P"&(ROW()))),IF($C$4=2,SUM(P24+INDIRECT("'Week "&($B$3-1)&"'!P"&(ROW()))))) -> 0 | S24: =(IFERROR(VLOOKUP(D24,'Employee Numbers'!$A$3:$C$84,3,FALSE),"NOT FOUND"))*8 -> 0 | U24: =COUNTIF(E24:K24,"0800-1730") -> 0 | V24: =COUNTIF(F24:L24,"1???-00?0") -> 0 | W24: =COUNTIF(F24:L24,"*0800-1730*CS*")+COUNTIF(F24:L24,"*0800-1730*DEMT*") -> 0 | Y24: =COUNTIF(K24:L24,"???0-*") -> 0
A25: Paediatric Emergency Consultant | D25: Dr Celia Bagshaw | E25: =IFERROR(VLOOKUP(D25,'Employee Numbers'!$A$3:$B$84,2,FALSE),"NOT FOUND") -> 625985 | F25: 1430-0000 | J25: 0800-1730 0CS | K25: 0800-1730 | L25: 0800-1730 | N25: {=((SUM(IFERROR((TEXT(IF(ISNUMBER(SEARCH("-", F25:L25)), MID(F25:L25, SEARCH("-", F25:L25) + 1, 4), ""), "00\:00") - TEXT(IF(ISNUMBER(SEARCH("-", F25:L25)), MID(F25:L25, SEARCH("-", F25:L25) - 4, 4), ""), "00\:00") + IF(TEXT(IF(ISNUMBER(SEARCH("-", F25:L25)), MID(F25:L25, SEARCH("-", F25:L25) + 1, 4), ""), "00\:00") < TEXT(IF(ISNUMBER(SEARCH("-", F25:L25)), MID(F25:L25, SEARCH("-", F25:L25) - 4, 4), ""), "00\:00"), 1, 0))*24,""))))/9.5} -> 4 | P25: =N25+O25 -> 4 | R25: =IF($C$4=1,SUM(P25+INDIRECT("'Week "&($B$3+1)&"'!P"&(ROW()))),IF($C$4=2,SUM(P25+INDIRECT("'Week "&($B$3-1)&"'!P"&(ROW()))))) -> 8 | S25: =(IFERROR(VLOOKUP(D25,'Employee Numbers'!$A$3:$C$84,3,FALSE),"NOT FOUND"))*8 -> 8 | U25: =COUNTIF(E25:K25,"0800-1730") -> 1 | V25: =COUNTIF(F25:L25,"1???-00?0") -> 1 | W25: =COUNTIF(F25:L25,"*0800-1730*CS*")+COUNTIF(F25:L25,"*0800-1730*DEMT*") -> 1 | Y25: =COUNTIF(K25:L25,"???0-*") -> 2
A26: Paediatric Emergency Consultant | D26: Dr Adnan Bilgrami | E26: =IFERROR(VLOOKUP(D26,'Employee Numbers'!$A$3:$B$84,2,FALSE),"NOT FOUND") -> 632301 | F26: 1430-0000 | G26: 0800-1730 CS | H26: 1430-0000 | J26: 0800-1730 | N26: {=((SUM(IFERROR((TEXT(IF(ISNUMBER(SEARCH("-", F26:L26)), MID(F26:L26, SEARCH("-", F26:L26) + 1, 4), ""), "00\:00") - TEXT(IF(ISNUMBER(SEARCH("-", F26:L26)), MID(F26:L26, SEARCH("-", F26:L26) - 4, 4), ""), "00\:00") + IF(TEXT(IF(ISNUMBER(SEARCH("-", F26:L26)), MID(F26:L26, SEARCH("-", F26:L26) + 1, 4), ""), "00\:00") < TEXT(IF(ISNUMBER(SEARCH("-", F26:L26)), MID(F26:L26, SEARCH("-", F26:L26) - 4, 4), ""), "00\:00"), 1, 0))*24,""))))/9.5} -> 4 | P26: =N26+O26 -> 4 | R26: =IF($C$4=1,SUM(P26+INDIRECT("'Week "&($B$3+1)&"'!P"&(ROW()))),IF($C$4=2,SUM(P26+INDIRECT("'Week "&($B$3-1)&"'!P"&(ROW()))))) -> 8 | S26: =(IFERROR(VLOOKUP(D26,'Employee Numbers'!$A$3:$C$84,3,FALSE),"NOT FOUND"))*8 -> 8 | U26: =COUNTIF(E26:K26,"0800-1730") -> 1 | V26: =COUNTIF(F26:L26,"1???-00?0") -> 2 | W26: =COUNTIF(F26:L26,"*0800-1730*CS*")+COUNTIF(F26:L26,"*0800-1730*DEMT*") -> 1 | Y26: =COUNTIF(K26:L26,"???0-*") -> 0
A27: Paediatric Emergency Consultant | D27: Dr Preeti Ramaswamy | E27: =IFERROR(VLOOKUP(D27,'Employee Numbers'!$A$3:$B$84,2,FALSE),"NOT FOUND") -> 613891 | F27: 1430-0000 | H27: 0800-1730 CS | I27: 0800-1730 | N27: {=((SUM(IFERROR((TEXT(IF(ISNUMBER(SEARCH("-", F27:L27)), MID(F27:L27, SEARCH("-", F27:L27) + 1, 4), ""), "00\:00") - TEXT(IF(ISNUMBER(SEARCH("-", F27:L27)), MID(F27:L27, SEARCH("-", F27:L27) - 4, 4), ""), "00\:00") + IF(TEXT(IF(ISNUMBER(SEARCH("-", F27:L27)), MID(F27:L27, SEARCH("-", F27:L27) + 1, 4), ""), "00\:00") < TEXT(IF(ISNUMBER(SEARCH("-", F27:L27)), MID(F27:L27, SEARCH("-", F27:L27) - 4, 4), ""), "00\:00"), 1, 0))*24,""))))/9.5} -> 3 | P27: =N27+O27 -> 3 | R27: =IF($C$4=1,SUM(P27+INDIRECT("'Week "&($B$3+1)&"'!P"&(ROW()))),IF($C$4=2,SUM(P27+INDIRECT("'Week "&($B$3-1)&"'!P"&(ROW()))))) -> 6 | S27: =(IFERROR(VLOOKUP(D27,'Employee Numbers'!$A$3:$C$84,3,FALSE),"NOT FOUND"))*8 -> 6 | U27: =COUNTIF(E27:K27,"0800-1730") -> 1 | V27: =COUNTIF(F27:L27,"1???-00?0") -> 1 | W27: =COUNTIF(F27:L27,"*0800-1730*CS*")+COUNTIF(F27:L27,"*0800-1730*DEMT*") -> 1 | Y27: =COUNTIF(K27:L27,"???0-*") -> 0
A28: Paediatric Emergency Consultant | D28: Dr Erin Mills | E28: =IFERROR(VLOOKUP(D28,'Employee Numbers'!$A$3:$B$84,2,FALSE),"NOT FOUND") -> 623657 | I28: 0800-1730 | N28: {=((SUM(IFERROR((TEXT(IF(ISNUMBER(SEARCH("-", F28:L28)), MID(F28:L28, SEARCH("-", F28:L28) + 1, 4), ""), "00\:00") - TEXT(IF(ISNUMBER(SEARCH("-", F28:L28)), MID(F28:L28, SEARCH("-", F28:L28) - 4, 4), ""), "00\:00") + IF(TEXT(IF(ISNUMBER(SEARCH("-", F28:L28)), MID(F28:L28, SEARCH("-", F28:L28) + 1, 4), ""), "00\:00") < TEXT(IF(ISNUMBER(SEARCH("-", F28:L28)), MID(F28:L28, SEARCH("-", F28:L28) - 4, 4), ""), "00\:00"), 1, 0))*24,""))))/9.5} -> 1 | P28: =N28+O28 -> 1 | R28: =IF($C$4=1,SUM(P28+INDIRECT("'Week "&($B$3+1)&"'!P"&(ROW()))),IF($C$4=2,SUM(P28+INDIRECT("'Week "&($B$3-1)&"'!P"&(ROW()))))) -> 2 | S28: =(IFERROR(VLOOKUP(D28,'Employee Numbers'!$A$3:$C$84,3,FALSE),"NOT FOUND"))*8 -> 2 | U28: =COUNTIF(E28:K28,"0800-1730") -> 1 | V28: =COUNTIF(F28:L28,"1???-00?0") -> 0 | W28: =COUNTIF(F28:L28,"*0800-1730*CS*")+COUNTIF(F28:L28,"*0800-1730*DEMT*") -> 0 | Y28: =COUNTIF(K28:L28,"???0-*") -> 0
A29: Paediatric Emergency Consultant | D29: Dr Stella Robinson | E29: =IFERROR(VLOOKUP(D29,'Employee Numbers'!$A$3:$B$84,2,FALSE),"NOT FOUND") -> 623708 | G29: 1430-0000 | H29: 0800-1730 CS | J29: 0800-1730 | N29: {=((SUM(IFERROR((TEXT(IF(ISNUMBER(SEARCH("-", F29:L29)), MID(F29:L29, SEARCH("-", F29:L29) + 1, 4), ""), "00\:00") - TEXT(IF(ISNUMBER(SEARCH("-", F29:L29)), MID(F29:L29, SEARCH("-", F29:L29) - 4, 4), ""), "00\:00") + IF(TEXT(IF(ISNUMBER(SEARCH("-", F29:L29)), MID(F29:L29, SEARCH("-", F29:L29) + 1, 4), ""), "00\:00") < TEXT(IF(ISNUMBER(SEARCH("-", F29:L29)), MID(F29:L29, SEARCH("-", F29:L29) - 4, 4), ""), "00\:00"), 1, 0))*24,""))))/9.5} -> 3 | P29: =N29+O29 -> 3 | R29: =IF($C$4=1,SUM(P29+INDIRECT("'Week "&($B$3+1)&"'!P"&(ROW()))),IF($C$4=2,SUM(P29+INDIRECT("'Week "&($B$3-1)&"'!P"&(ROW()))))) -> 6 | S29: =(IFERROR(VLOOKUP(D29,'Employee Numbers'!$A$3:$C$84,3,FALSE),"NOT FOUND"))*8 -> 6 | U29: =COUNTIF(E29:K29,"0800-1730") -> 1 | V29: =COUNTIF(F29:L29,"1???-00?0") -> 1 | W29: =COUNTIF(F29:L29,"*0800-1730*CS*")+COUNTIF(F29:L29,"*0800-1730*DEMT*") -> 1 | Y29: =COUNTIF(K29:L29,"???0-*") -> 0
A30: Paediatric Emergency Consultant | D30: Dr Bev Thompson | E30: =IFERROR(VLOOKUP(D30,'Employee Numbers'!$A$3:$B$84,2,FALSE),"NOT FOUND") -> 627680 | G30: 0800-1730 | H30: 0800-1730 CS | I30: 1430-0000 | N30: {=((SUM(IFERROR((TEXT(IF(ISNUMBER(SEARCH("-", F30:L30)), MID(F30:L30, SEARCH("-", F30:L30) + 1, 4), ""), "00\:00") - TEXT(IF(ISNUMBER(SEARCH("-", F30:L30)), MID(F30:L30, SEARCH("-", F30:L30) - 4, 4), ""), "00\:00") + IF(TEXT(IF(ISNUMBER(SEARCH("-", F30:L30)), MID(F30:L30, SEARCH("-", F30:L30) + 1, 4), ""), "00\:00") < TEXT(IF(ISNUMBER(SEARCH("-", F30:L30)), MID(F30:L30, SEARCH("-", F30:L30) - 4, 4), ""), "00\:00"), 1, 0))*24,""))))/9.5} -> 3 | P30: =N30+O30 -> 3 | R30: =IF($C$4=1,SUM(P30+INDIRECT("'Week "&($B$3+1)&"'!P"&(ROW()))),IF($C$4=2,SUM(P30+INDIRECT("'Week "&($B$3-1)&"'!P"&(ROW()))))) -> 6 | S30: =(IFERROR(VLOOKUP(D30,'Employee Numbers'!$A$3:$C$84,3,FALSE),"NOT FOUND"))*8 -> 6 | U30: =COUNTIF(E30:K30,"0800-1730") -> 1 | V30: =COUNTIF(F30:L30,"1???-00?0") -> 1 | W30: =COUNTIF(F30:L30,"*0800-1730*CS*")+COUNTIF(F30:L30,"*0800-1730*DEMT*") -> 1 | Y30: =COUNTIF(K30:L30,"???0-*") -> 0
A31: Paediatric Emergency Consultant | D31: Dr John Unwin | E31: =IFERROR(VLOOKUP(D31,'Employee Numbers'!$A$3:$B$84,2,FALSE),"NOT FOUND") -> 633210 | G31: 0800-1730 CS | I31: 0800-1730 CS | K31: 0800-1730 | L31: 1500-0030 | N31: {=((SUM(IFERROR((TEXT(IF(ISNUMBER(SEARCH("-", F31:L31)), MID(F31:L31, SEARCH("-", F31:L31) + 1, 4), ""), "00\:00") - TEXT(IF(ISNUMBER(SEARCH("-", F31:L31)), MID(F31:L31, SEARCH("-", F31:L31) - 4, 4), ""), "00\:00") + IF(TEXT(IF(ISNUMBER(SEARCH("-", F31:L31)), MID(F31:L31, SEARCH("-", F31:L31) + 1, 4), ""), "00\:00") < TEXT(IF(ISNUMBER(SEARCH("-", F31:L31)), MID(F31:L31, SEARCH("-", F31:L31) - 4, 4), ""), "00\:00"), 1, 0))*24,""))))/9.5} -> 4 | P31: =N31+O31 -> 4 | R31: =IF($C$4=1,SUM(P31+INDIRECT("'Week "&($B$3+1)&"'!P"&(ROW()))),IF($C$4=2,SUM(P31+INDIRECT("'Week "&($B$3-1)&"'!P"&(ROW()))))) -> 6 | S31: =(IFERROR(VLOOKUP(D31,'Employee Numbers'!$A$3:$C$84,3,FALSE),"NOT FOUND"))*8 -> 6 | U31: =COUNTIF(E31:K31,"0800-1730") -> 1 | V31: =COUNTIF(F31:L31,"1???-00?0") -> 1 | W31: =COUNTIF(F31:L31,"*0800-1730*CS*")+COUNTIF(F31:L31,"*0800-1730*DEMT*") -> 2 | Y31: =COUNTIF(K31:L31,"???0-*") -> 2
A32: Paediatric Emergency Consultant | D32: Dr Siri Samudrala | E32: =IFERROR(VLOOKUP(D32,'Employee Numbers'!$A$3:$B$84,2,FALSE),"NOT FOUND") -> 618952 | F32: 0800-1730 | G32: 1430-0000 | J32: 1430-0000 | N32: {=((SUM(IFERROR((TEXT(IF(ISNUMBER(SEARCH("-", F32:L32)), MID(F32:L32, SEARCH("-", F32:L32) + 1, 4), ""), "00\:00") - TEXT(IF(ISNUMBER(SEARCH("-", F32:L32)), MID(F32:L32, SEARCH("-", F32:L32) - 4, 4), ""), "00\:00") + IF(TEXT(IF(ISNUMBER(SEARCH("-", F32:L32)), MID(F32:L32, SEARCH("-", F32:L32) + 1, 4), ""), "00\:00") < TEXT(IF(ISNUMBER(SEARCH("-", F32:L32)), MID(F32:L32, SEARCH("-", F32:L32) - 4, 4), ""), "00\:00"), 1, 0))*24,""))))/9.5} -> 3 | P32: =N32+O32 -> 3 | R32: =IF($C$4=1,SUM(P32+INDIRECT("'Week "&($B$3+1)&"'!P"&(ROW()))),IF($C$4=2,SUM(P32+INDIRECT("'Week "&($B$3-1)&"'!P"&(ROW()))))) -> 3 | S32: =(IFERROR(VLOOKUP(D32,'Employee Numbers'!$A$3:$C$84,3,FALSE),"NOT FOUND"))*8 -> 6 | U32: =COUNTIF(E32:K32,"0800-1730") -> 1 | V32: =COUNTIF(F32:L32,"1???-00?0") -> 2 | W32: =COUNTIF(F32:L32,"*0800-1730*CS*")+COUNTIF(F32:L32,"*0800-1730*DEMT*") -> 0 | Y32: =COUNTIF(K32:L32,"???0-*") -> 0
A33: Paediatric Emergency Consultant | D33: Dr Tessa Smith | E33: =IFERROR(VLOOKUP(D33,'Employee Numbers'!$A$3:$B$84,2,FALSE),"NOT FOUND") -> 649039 | G33: 1430-0000 | I33: 0800-1730 | N33: {=((SUM(IFERROR((TEXT(IF(ISNUMBER(SEARCH("-", F33:L33)), MID(F33:L33, SEARCH("-", F33:L33) + 1, 4), ""), "00\:00") - TEXT(IF(ISNUMBER(SEARCH("-", F33:L33)), MID(F33:L33, SEARCH("-", F33:L33) - 4, 4), ""), "00\:00") + IF(TEXT(IF(ISNUMBER(SEARCH("-", F33:L33)), MID(F33:L33, SEARCH("-", F33:L33) + 1, 4), ""), "00\:00") < TEXT(IF(ISNUMBER(SEARCH("-", F33:L33)), MID(F33:L33, SEARCH("-", F33:L33) - 4, 4), ""), "00\:00"), 1, 0))*24,""))))/9.5} -> 2 | P33: =N33+O33 -> 2 | R33: =IF($C$4=1,SUM(P33+INDIRECT("'Week "&($B$3+1)&"'!P"&(ROW()))),IF($C$4=2,SUM(P33+INDIRECT("'Week "&($B$3-1)&"'!P"&(ROW()))))) -> 5 | S33: =(IFERROR(VLOOKUP(D33,'Employee Numbers'!$A$3:$C$84,3,FALSE),"NOT FOUND"))*8 -> 5 | U33: =COUNTIF(E33:K33,"0800-1730") -> 1 | V33: =COUNTIF(F33:L33,"1???-00?0") -> 1 | W33: =COUNTIF(F33:L33,"*0800-1730*CS*")+COUNTIF(F33:L33,"*0800-1730*DEMT*") -> 0 | Y33: =COUNTIF(K33:L33,"???0-*") -> 0
A34: Paediatric Emergency Consultant | D34: Dr Brad Dent | E34: =IFERROR(VLOOKUP(D34,'Employee Numbers'!$A$3:$B$84,2,FALSE),"NOT FOUND") -> 649671 | F34: 0800-1730 | G34: 0800-1730 | H34: 1430-0000 | N34: {=((SUM(IFERROR((TEXT(IF(ISNUMBER(SEARCH("-", F34:L34)), MID(F34:L34, SEARCH("-", F34:L34) + 1, 4), ""), "00\:00") - TEXT(IF(ISNUMBER(SEARCH("-", F34:L34)), MID(F34:L34, SEARCH("-", F34:L34) - 4, 4), ""), "00\:00") + IF(TEXT(IF(ISNUMBER(SEARCH("-", F34:L34)), MID(F34:L34, SEARCH("-", F34:L34) + 1, 4), ""), "00\:00") < TEXT(IF(ISNUMBER(SEARCH("-", F34:L34)), MID(F34:L34, SEARCH("-", F34:L34) - 4, 4), ""), "00\:00"), 1, 0))*24,""))))/9.5} -> 3 | P34: =N34+O34 -> 3 | R34: =IF($C$4=1,SUM(P34+INDIRECT("'Week "&($B$3+1)&"'!P"&(ROW()))),IF($C$4=2,SUM(P34+INDIRECT("'Week "&($B$3-1)&"'!P"&(ROW()))))) -> 6 | S34: =(IFERROR(VLOOKUP(D34,'Employee Numbers'!$A$3:$C$84,3,FALSE),"NOT FOUND"))*8 -> 6 | U34: =COUNTIF(E34:K34,"0800-1730") -> 2 | V34: =COUNTIF(F34:L34,"1???-00?0") -> 1 | W34: =COUNTIF(F34:L34,"*0800-1730*CS*")+COUNTIF(F34:L34,"*0800-1730*DEMT*") -> 0 | Y34: =COUNTIF(K34:L34,"???0-*") -> 0
A35: Paediatric Emergency Consultant | D35: Dr Marjolein Slaa | E35: =IFERROR(VLOOKUP(D35,'Employee Numbers'!$A$3:$B$84,2,FALSE),"NOT FOUND") -> 646047 | I35: 0800-1730 CS | K35: 1500-0030 | N35: {=((SUM(IFERROR((TEXT(IF(ISNUMBER(SEARCH("-", F35:L35)), MID(F35:L35, SEARCH("-", F35:L35) + 1, 4), ""), "00\:00") - TEXT(IF(ISNUMBER(SEARCH("-", F35:L35)), MID(F35:L35, SEARCH("-", F35:L35) - 4, 4), ""), "00\:00") + IF(TEXT(IF(ISNUMBER(SEARCH("-", F35:L35)), MID(F35:L35, SEARCH("-", F35:L35) + 1, 4), ""), "00\:00") < TEXT(IF(ISNUMBER(SEARCH("-", F35:L35)), MID(F35:L35, SEARCH("-", F35:L35) - 4, 4), ""), "00\:00"), 1, 0))*24,""))))/9.5} -> 2 | P35: =N35+O35 -> 2 | R35: =IF($C$4=1,SUM(P35+INDIRECT("'Week "&($B$3+1)&"'!P"&(ROW()))),IF($C$4=2,SUM(P35+INDIRECT("'Week "&($B$3-1)&"'!P"&(ROW()))))) -> 4 | S35: =(IFERROR(VLOOKUP(D35,'Employee Numbers'!$A$3:$C$84,3,FALSE),"NOT FOUND"))*8 -> 5 | U35: =COUNTIF(E35:K35,"0800-1730") -> 0 | V35: =COUNTIF(F35:L35,"1???-00?0") -> 1 | W35: =COUNTIF(F35:L35,"*0800-1730*CS*")+COUNTIF(F35:L35,"*0800-1730*DEMT*") -> 1 | Y35: =COUNTIF(K35:L35,"???0-*") -> 1
A36: Paediatric Emergency Consultant | D36: Dr Natalie Hood | E36: =IFERROR(VLOOKUP(D36,'Employee Numbers'!$A$3:$B$84,2,FALSE),"NOT FOUND") -> 164003 | G36: 0800-1730 CSOS | I36: 0800-1730 CS | N36: {=((SUM(IFERROR((TEXT(IF(ISNUMBER(SEARCH("-", F36:L36)), MID(F36:L36, SEARCH("-", F36:L36) + 1, 4), ""), "00\:00") - TEXT(IF(ISNUMBER(SEARCH("-", F36:L36)), MID(F36:L36, SEARCH("-", F36:L36) - 4, 4), ""), "00\:00") + IF(TEXT(IF(ISNUMBER(SEARCH("-", F36:L36)), MID(F36:L36, SEARCH("-", F36:L36) + 1, 4), ""), "00\:00") < TEXT(IF(ISNUMBER(SEARCH("-", F36:L36)), MID(F36:L36, SEARCH("-", F36:L36) - 4, 4), ""), "00\:00"), 1, 0))*24,""))))/9.5} -> 2 | P36: =N36+O36 -> 2 | R36: =IF($C$4=1,SUM(P36+INDIRECT("'Week "&($B$3+1)&"'!P"&(ROW()))),IF($C$4=2,SUM(P36+INDIRECT("'Week "&($B$3-1)&"'!P"&(ROW()))))) -> 4 | S36: =(IFERROR(VLOOKUP(D36,'Employee Numbers'!$A$3:$C$84,3,FALSE),"NOT FOUND"))*8 -> 4 | U36: =COUNTIF(E36:K36,"0800-1730") -> 0 | V36: =COUNTIF(F36:L36,"1???-00?0") -> 0 | W36: =COUNTIF(F36:L36,"*0800-1730*CS*")+COUNTIF(F36:L36,"*0800-1730*DEMT*") -> 2 | Y36: =COUNTIF(K36:L36,"???0-*") -> 0
A37: Paediatric Emergency Consultant | D37: Dr Michael Coman | E37: =IFERROR(VLOOKUP(D37,'Employee Numbers'!$A$3:$B$84,2,FALSE),"NOT FOUND") -> 609408 | N37: {=((SUM(IFERROR((TEXT(IF(ISNUMBER(SEARCH("-", F37:L37)), MID(F37:L37, SEARCH("-", F37:L37) + 1, 4), ""), "00\:00") - TEXT(IF(ISNUMBER(SEARCH("-", F37:L37)), MID(F37:L37, SEARCH("-", F37:L37) - 4, 4), ""), "00\:00") + IF(TEXT(IF(ISNUMBER(SEARCH("-", F37:L37)), MID(F37:L37, SEARCH("-", F37:L37) + 1, 4), ""), "00\:00") < TEXT(IF(ISNUMBER(SEARCH("-", F37:L37)), MID(F37:L37, SEARCH("-", F37:L37) - 4, 4), ""), "00\:00"), 1, 0))*24,""))))/9.5} -> 0 | P37: =N37+O37 -> 0 | R37: =IF($C$4=1,SUM(P37+INDIRECT("'Week "&($B$3+1)&"'!P"&(ROW()))),IF($C$4=2,SUM(P37+INDIRECT("'Week "&($B$3-1)&"'!P"&(ROW()))))) -> 4 | S37: =(IFERROR(VLOOKUP(D37,'Employee Numbers'!$A$3:$C$84,3,FALSE),"NOT FOUND"))*8 -> 4 | U37: =COUNTIF(E37:K37,"0800-1730") -> 0 | V37: =COUNTIF(F37:L37,"1???-00?0") -> 0 | W37: =COUNTIF(F37:L37,"*0800-1730*CS*")+COUNTIF(F37:L37,"*0800-1730*DEMT*") -> 0 | Y37: =COUNTIF(K37:L37,"???0-*") -> 0
A38: Paediatric Emergency Consultant | D38: Dr Andrew Hardy | E38: =IFERROR(VLOOKUP(D38,'Employee Numbers'!$A$3:$B$84,2,FALSE),"NOT FOUND") -> 627619 | G38: 0800-1730 OCS | I38: 0800-1730 CS | N38: {=((SUM(IFERROR((TEXT(IF(ISNUMBER(SEARCH("-", F38:L38)), MID(F38:L38, SEARCH("-", F38:L38) + 1, 4), ""), "00\:00") - TEXT(IF(ISNUMBER(SEARCH("-", F38:L38)), MID(F38:L38, SEARCH("-", F38:L38) - 4, 4), ""), "00\:00") + IF(TEXT(IF(ISNUMBER(SEARCH("-", F38:L38)), MID(F38:L38, SEARCH("-", F38:L38) + 1, 4), ""), "00\:00") < TEXT(IF(ISNUMBER(SEARCH("-", F38:L38)), MID(F38:L38, SEARCH("-", F38:L38) - 4, 4), ""), "00\:00"), 1, 0))*24,""))))/9.5} -> 2 | P38: =N38+O38 -> 2 | R38: =IF($C$4=1,SUM(P38+INDIRECT("'Week "&($B$3+1)&"'!P"&(ROW()))),IF($C$4=2,SUM(P38+INDIRECT("'Week "&($B$3-1)&"'!P"&(ROW()))))) -> 4 | S38: =(IFERROR(VLOOKUP(D38,'Employee Numbers'!$A$3:$C$84,3,FALSE),"NOT FOUND"))*8 -> 4 | U38: =COUNTIF(E38:K38,"0800-1730") -> 0 | V38: =COUNTIF(F38:L38,"1???-00?0") -> 0 | W38: =COUNTIF(F38:L38,"*0800-1730*CS*")+COUNTIF(F38:L38,"*0800-1730*DEMT*") -> 2 | Y38: =COUNTIF(K38:L38,"???0-*") -> 0
A39: Paediatric Emergency Consultant | D39: Dr Gargi Kanabar | E39: =IFERROR(VLOOKUP(D39,'Employee Numbers'!$A$3:$B$84,2,FALSE),"NOT FOUND") -> 632646 | N39: {=((SUM(IFERROR((TEXT(IF(ISNUMBER(SEARCH("-", F39:L39)), MID(F39:L39, SEARCH("-", F39:L39) + 1, 4), ""), "00\:00") - TEXT(IF(ISNUMBER(SEARCH("-", F39:L39)), MID(F39:L39, SEARCH("-", F39:L39) - 4, 4), ""), "00\:00") + IF(TEXT(IF(ISNUMBER(SEARCH("-", F39:L39)), MID(F39:L39, SEARCH("-", F39:L39) + 1, 4), ""), "00\:00") < TEXT(IF(ISNUMBER(SEARCH("-", F39:L39)), MID(F39:L39, SEARCH("-", F39:L39) - 4, 4), ""), "00\:00"), 1, 0))*24,""))))/9.5} -> 0 | P39: =N39+O39 -> 0 | R39: =IF($C$4=1,SUM(P39+INDIRECT("'Week "&($B$3+1)&"'!P"&(ROW()))),IF($C$4=2,SUM(P39+INDIRECT("'Week "&($B$3-1)&"'!P"&(ROW()))))) -> 4 | S39: =(IFERROR(VLOOKUP(D39,'Employee Numbers'!$A$3:$C$84,3,FALSE),"NOT FOUND"))*8 -> 4 | U39: =COUNTIF(E39:K39,"0800-1730") -> 0 | V39: =COUNTIF(F39:L39,"1???-00?0") -> 0 | W39: =COUNTIF(F39:L39,"*0800-1730*CS*")+COUNTIF(F39:L39,"*0800-1730*DEMT*") -> 0 | Y39: =COUNTIF(K39:L39,"???0-*") -> 0
A40: Paediatric Emergency Consultant | D40: Dr Mandy Parr | E40: =IFERROR(VLOOKUP(D40,'Employee Numbers'!$A$3:$B$84,2,FALSE),"NOT FOUND") -> 652844 | G40: 0800-1730 CS | H40: 1430-0000 | J40: 0800-1730 | K40: 1500-0030 | N40: {=((SUM(IFERROR((TEXT(IF(ISNUMBER(SEARCH("-", F40:L40)), MID(F40:L40, SEARCH("-", F40:L40) + 1, 4), ""), "00\:00") - TEXT(IF(ISNUMBER(SEARCH("-", F40:L40)), MID(F40:L40, SEARCH("-", F40:L40) - 4, 4), ""), "00\:00") + IF(TEXT(IF(ISNUMBER(SEARCH("-", F40:L40)), MID(F40:L40, SEARCH("-", F40:L40) + 1, 4), ""), "00\:00") < TEXT(IF(ISNUMBER(SEARCH("-", F40:L40)), MID(F40:L40, SEARCH("-", F40:L40) - 4, 4), ""), "00\:00"), 1, 0))*24,""))))/9.5} -> 4 | P40: =N40+O40 -> 4 | R40: =IF($C$4=1,SUM(P40+INDIRECT("'Week "&($B$3+1)&"'!P"&(ROW()))),IF($C$4=2,SUM(P40+INDIRECT("'Week "&($B$3-1)&"'!P"&(ROW()))))) -> 4 | S40: =(IFERROR(VLOOKUP(D40,'Employee Numbers'!$A$3:$C$84,3,FALSE),"NOT FOUND"))*8 -> 4 | U40: =COUNTIF(E40:K40,"0800-1730") -> 1 | V40: =COUNTIF(F40:L40,"1???-00?0") -> 2 | W40: =COUNTIF(F40:L40,"*0800-1730*CS*")+COUNTIF(F40:L40,"*0800-1730*DEMT*") -> 1 | Y40: =COUNTIF(K40:L40,"???0-*") -> 1
A41: Paediatric Emergency Consultant | D41: Dr Tecwyn Davies | E41: =IFERROR(VLOOKUP(D41,'Employee Numbers'!$A$3:$B$84,2,FALSE),"NOT FOUND") -> 634491 | F41: 0800-1730 OCS | H41: 0800-1730 | J41: 1430-0000 | L41: 1500-0030 | N41: {=((SUM(IFERROR((TEXT(IF(ISNUMBER(SEARCH("-", F41:L41)), MID(F41:L41, SEARCH("-", F41:L41) + 1, 4), ""), "00\:00") - TEXT(IF(ISNUMBER(SEARCH("-", F41:L41)), MID(F41:L41, SEARCH("-", F41:L41) - 4, 4), ""), "00\:00") + IF(TEXT(IF(ISNUMBER(SEARCH("-", F41:L41)), MID(F41:L41, SEARCH("-", F41:L41) + 1, 4), ""), "00\:00") < TEXT(IF(ISNUMBER(SEARCH("-", F41:L41)), MID(F41:L41, SEARCH("-", F41:L41) - 4, 4), ""), "00\:00"), 1, 0))*24,""))))/9.5} -> 4 | P41: =N41+O41 -> 4 | R41: =IF($C$4=1,SUM(P41+INDIRECT("'Week "&($B$3+1)&"'!P"&(ROW()))),IF($C$4=2,SUM(P41+INDIRECT("'Week "&($B$3-1)&"'!P"&(ROW()))))) -> 4 | S41: =(IFERROR(VLOOKUP(D41,'Employee Numbers'!$A$3:$C$84,3,FALSE),"NOT FOUND"))*8 -> 4 | U41: =COUNTIF(E41:K41,"0800-1730") -> 1 | V41: =COUNTIF(F41:L41,"1???-00?0") -> 2 | W41: =COUNTIF(F41:L41,"*0800-1730*CS*")+COUNTIF(F41:L41,"*0800-1730*DEMT*") -> 1 | Y41: =COUNTIF(K41:L41,"???0-*") -> 1
A42: Paediatric Emergency Consultant | D42: Dr Patrick Finn | E42: =IFERROR(VLOOKUP(D42,'Employee Numbers'!$A$3:$B$84,2,FALSE),"NOT FOUND") -> 621988 | F42: PAT/L | G42: PAT/L | H42: PAT/L | I42: PAT/L | J42: PAT/L | K42: PAT/L | L42: PAT/L | N42: {=((SUM(IFERROR((TEXT(IF(ISNUMBER(SEARCH("-", F42:L42)), MID(F42:L42, SEARCH("-", F42:L42) + 1, 4), ""), "00\:00") - TEXT(IF(ISNUMBER(SEARCH("-", F42:L42)), MID(F42:L42, SEARCH("-", F42:L42) - 4, 4), ""), "00\:00") + IF(TEXT(IF(ISNUMBER(SEARCH("-", F42:L42)), MID(F42:L42, SEARCH("-", F42:L42) + 1, 4), ""), "00\:00") < TEXT(IF(ISNUMBER(SEARCH("-", F42:L42)), MID(F42:L42, SEARCH("-", F42:L42) - 4, 4), ""), "00\:00"), 1, 0))*24,""))))/9.5} -> 0 | O42: 2 | P42: =N42+O42 -> 2 | R42: =IF($C$4=1,SUM(P42+INDIRECT("'Week "&($B$3+1)&"'!P"&(ROW()))),IF($C$4=2,SUM(P42+INDIRECT("'Week "&($B$3-1)&"'!P"&(ROW()))))) -> 4 | S42: =(IFERROR(VLOOKUP(D42,'Employee Numbers'!$A$3:$C$84,3,FALSE),"NOT FOUND"))*8 -> 4 | U42: =COUNTIF(E42:K42,"0800-1730") -> 0 | V42: =COUNTIF(F42:L42,"1???-00?0") -> 0 | W42: =COUNTIF(F42:L42,"*0800-1730*CS*")+COUNTIF(F42:L42,"*0800-1730*DEMT*") -> 0 | Y42: =COUNTIF(K42:L42,"???0-*") -> 0
A43: Paediatric Emergency Consultant | D43: Dr Chris Fong | E43: =IFERROR(VLOOKUP(D43,'Employee Numbers'!$A$3:$B$84,2,FALSE),"NOT FOUND") -> 409677 | F43: 0800-1730 | L43: 0800-1730 | N43: {=((SUM(IFERROR((TEXT(IF(ISNUMBER(SEARCH("-", F43:L43)), MID(F43:L43, SEARCH("-", F43:L43) + 1, 4), ""), "00\:00") - TEXT(IF(ISNUMBER(SEARCH("-", F43:L43)), MID(F43:L43, SEARCH("-", F43:L43) - 4, 4), ""), "00\:00") + IF(TEXT(IF(ISNUMBER(SEARCH("-", F43:L43)), MID(F43:L43, SEARCH("-", F43:L43) + 1, 4), ""), "00\:00") < TEXT(IF(ISNUMBER(SEARCH("-", F43:L43)), MID(F43:L43, SEARCH("-", F43:L43) - 4, 4), ""), "00\:00"), 1, 0))*24,""))))/9.5} -> 2 | P43: =N43+O43 -> 2 | R43: =IF($C$4=1,SUM(P43+INDIRECT("'Week "&($B$3+1)&"'!P"&(ROW()))),IF($C$4=2,SUM(P43+INDIRECT("'Week "&($B$3-1)&"'!P"&(ROW()))))) -> 3 | S43: =(IFERROR(VLOOKUP(D43,'Employee Numbers'!$A$3:$C$84,3,FALSE),"NOT FOUND"))*8 -> 3 | U43: =COUNTIF(E43:K43,"0800-1730") -> 1 | V43: =COUNTIF(F43:L43,"1???-00?0") -> 0 | W43: =COUNTIF(F43:L43,"*0800-1730*CS*")+COUNTIF(F43:L43,"*0800-1730*DEMT*") -> 0 | Y43: =COUNTIF(K43:L43,"???0-*") -> 1
A44: Paediatric Emergency Consultant | D44: Dr Matthew Tang | E44: =IFERROR(VLOOKUP(D44,'Employee Numbers'!$A$3:$B$84,2,FALSE),"NOT FOUND") -> 632590 | N44: {=((SUM(IFERROR((TEXT(IF(ISNUMBER(SEARCH("-", F44:L44)), MID(F44:L44, SEARCH("-", F44:L44) + 1, 4), ""), "00\:00") - TEXT(IF(ISNUMBER(SEARCH("-", F44:L44)), MID(F44:L44, SEARCH("-", F44:L44) - 4, 4), ""), "00\:00") + IF(TEXT(IF(ISNUMBER(SEARCH("-", F44:L44)), MID(F44:L44, SEARCH("-", F44:L44) + 1, 4), ""), "00\:00") < TEXT(IF(ISNUMBER(SEARCH("-", F44:L44)), MID(F44:L44, SEARCH("-", F44:L44) - 4, 4), ""), "00\:00"), 1, 0))*24,""))))/9.5} -> 0 | P44: =N44+O44 -> 0 | R44: =IF($C$4=1,SUM(P44+INDIRECT("'Week "&($B$3+1)&"'!P"&(ROW()))),IF($C$4=2,SUM(P44+INDIRECT("'Week "&($B$3-1)&"'!P"&(ROW()))))) -> 4 | S44: =(IFERROR(VLOOKUP(D44,'Employee Numbers'!$A$3:$C$84,3,FALSE),"NOT FOUND"))*8 -> 4 | U44: =COUNTIF(E44:K44,"0800-1730") -> 0 | V44: =COUNTIF(F44:L44,"1???-00?0") -> 0 | W44: =COUNTIF(F44:L44,"*0800-1730*CS*")+COUNTIF(F44:L44,"*0800-1730*DEMT*") -> 0 | Y44: =COUNTIF(K44:L44,"???0-*") -> 0
A45: Paediatric Emergency Consultant | D45: Dr Niki Talic | E45: =IFERROR(VLOOKUP(D45,'Employee Numbers'!$A$3:$B$84,2,FALSE),"NOT FOUND") -> 619537 | N45: {=((SUM(IFERROR((TEXT(IF(ISNUMBER(SEARCH("-", F45:L45)), MID(F45:L45, SEARCH("-", F45:L45) + 1, 4), ""), "00\:00") - TEXT(IF(ISNUMBER(SEARCH("-", F45:L45)), MID(F45:L45, SEARCH("-", F45:L45) - 4, 4), ""), "00\:00") + IF(TEXT(IF(ISNUMBER(SEARCH("-", F45:L45)), MID(F45:L45, SEARCH("-", F45:L45) + 1, 4), ""), "00\:00") < TEXT(IF(ISNUMBER(SEARCH("-", F45:L45)), MID(F45:L45, SEARCH("-", F45:L45) - 4, 4), ""), "00\:00"), 1, 0))*24,""))))/9.5} -> 0 | P45: =N45+O45 -> 0 | R45: =IF($C$4=1,SUM(P45+INDIRECT("'Week "&($B$3+1)&"'!P"&(ROW()))),IF($C$4=2,SUM(P45+INDIRECT("'Week "&($B$3-1)&"'!P"&(ROW()))))) -> 1 | S45: =(IFERROR(VLOOKUP(D45,'Employee Numbers'!$A$3:$C$84,3,FALSE),"NOT FOUND"))*8 -> 1 | U45: =COUNTIF(E45:K45,"0800-1730") -> 0 | V45: =COUNTIF(F45:L45,"1???-00?0") -> 0 | W45: =COUNTIF(F45:L45,"*0800-1730*CS*")+COUNTIF(F45:L45,"*0800-1730*DEMT*") -> 0 | Y45: =COUNTIF(K45:L45,"???0-*") -> 0
A46: Paediatric Emergency Consultant | D46: Dr Deb Morawetz | E46: =IFERROR(VLOOKUP(D46,'Employee Numbers'!$A$3:$B$84,2,FALSE),"NOT FOUND") -> 621953 | N46: {=((SUM(IFERROR((TEXT(IF(ISNUMBER(SEARCH("-", F46:L46)), MID(F46:L46, SEARCH("-", F46:L46) + 1, 4), ""), "00\:00") - TEXT(IF(ISNUMBER(SEARCH("-", F46:L46)), MID(F46:L46, SEARCH("-", F46:L46) - 4, 4), ""), "00\:00") + IF(TEXT(IF(ISNUMBER(SEARCH("-", F46:L46)), MID(F46:L46, SEARCH("-", F46:L46) + 1, 4), ""), "00\:00") < TEXT(IF(ISNUMBER(SEARCH("-", F46:L46)), MID(F46:L46, SEARCH("-", F46:L46) - 4, 4), ""), "00\:00"), 1, 0))*24,""))))/9.5} -> 0 | P46: =N46+O46 -> 0 | R46: =IF($C$4=1,SUM(P46+INDIRECT("'Week "&($B$3+1)&"'!P"&(ROW()))),IF($C$4=2,SUM(P46+INDIRECT("'Week "&($B$3-1)&"'!P"&(ROW()))))) -> 1 | S46: =(IFERROR(VLOOKUP(D46,'Employee Numbers'!$A$3:$C$84,3,FALSE),"NOT FOUND"))*8 -> 1 | U46: =COUNTIF(E46:K46,"0800-1730") -> 0 | V46: =COUNTIF(F46:L46,"1???-00?0") -> 0 | W46: =COUNTIF(F46:L46,"*0800-1730*CS*")+COUNTIF(F46:L46,"*0800-1730*DEMT*") -> 0 | Y46: =COUNTIF(K46:L46,"???0-*") -> 0
A47: Paediatric Emergency Consultant | D47: Dr Priya Jeyaveerasingam | E47: =IFERROR(VLOOKUP(D47,'Employee Numbers'!$A$3:$B$84,2,FALSE),"NOT FOUND") -> 614504 | N47: {=((SUM(IFERROR((TEXT(IF(ISNUMBER(SEARCH("-", F47:L47)), MID(F47:L47, SEARCH("-", F47:L47) + 1, 4), ""), "00\:00") - TEXT(IF(ISNUMBER(SEARCH("-", F47:L47)), MID(F47:L47, SEARCH("-", F47:L47) - 4, 4), ""), "00\:00") + IF(TEXT(IF(ISNUMBER(SEARCH("-", F47:L47)), MID(F47:L47, SEARCH("-", F47:L47) + 1, 4), ""), "00\:00") < TEXT(IF(ISNUMBER(SEARCH("-", F47:L47)), MID(F47:L47, SEARCH("-", F47:L47) - 4, 4), ""), "00\:00"), 1, 0))*24,""))))/9.5} -> 0 | P47: =N47+O47 -> 0 | R47: =IF($C$4=1,SUM(P47+INDIRECT("'Week "&($B$3+1)&"'!P"&(ROW()))),IF($C$4=2,SUM(P47+INDIRECT("'Week "&($B$3-1)&"'!P"&(ROW()))))) -> 1 | S47: =(IFERROR(VLOOKUP(D47,'Employee Numbers'!$A$3:$C$84,3,FALSE),"NOT FOUND"))*8 -> 1 | U47: =COUNTIF(E47:K47,"0800-1730") -> 0 | V47: =COUNTIF(F47:L47,"1???-00?0") -> 0 | W47: =COUNTIF(F47:L47,"*0800-1730*CS*")+COUNTIF(F47:L47,"*0800-1730*DEMT*") -> 0 | Y47: =COUNTIF(K47:L47,"???0-*") -> 0
A48: Paediatric Emergency Consultant | D48: Locum | E48: =IFERROR(VLOOKUP(D48,'Employee Numbers'!$A$3:$B$84,2,FALSE),"NOT FOUND") -> N/A
A49: Paediatric Emergency Consultant | D49: Locum | E49: =IFERROR(VLOOKUP(D49,'Employee Numbers'!$A$3:$B$84,2,FALSE),"NOT FOUND") -> N/A
D50: ONCALL 0000-0800 | F50: Dr Brad Dent | G50: Dr Bob Seith | H50: Dr Tecwyn Davies | I50: Dr Tessa Smith | J50: Dr Mandy Parr | K50: Dr John Unwin | L50: Dr Chris Fong
R51: =(N54+P54)*9.5/38*5 -> 3.75
F52: =F2 -> 46153 | G52: =G2 -> 46154 | H52: =H2 -> 46155 | I52: =I2 -> 46156 | J52: =J2 -> 46157 | K52: =K2 -> 46158 | L52: =L2 -> 46159 | N52: Weekly | O52: Annual & parental leave | P52: Exam/Conf leave | Q52: Total | R52: Training time | S52: PP | T52: PP Contracted
A53: Fellow | D53: Fellow | E53: Emp No | F53: Monday | G53: Tuesday | H53: Wednesday Teaching 1000-1400 | I53: Thursday | J53: Friday | K53: Saturday | L53: Sunday | N53: (shifts) | O53: no TT | P53: TT | R53: (hours) | S53: (shifts) | T53: (shifts)
A54: Paediatric Emergency Fellow | D54: Ellen Scott (0.75) | E54: =IFERROR(VLOOKUP(D54,'Employee Numbers'!$A$3:$B$84,2,FALSE),"NOT FOUND") -> 634905 | F54: 1430-0000 | H54: 0800-1730 | L54: 1430-0000 | N54: {=((SUM(IFERROR((TEXT(IF(ISNUMBER(SEARCH("-", F54:L54)), MID(F54:L54, SEARCH("-", F54:L54) + 1, 4), ""), "00\:00") - TEXT(IF(ISNUMBER(SEARCH("-", F54:L54)), MID(F54:L54, SEARCH("-", F54:L54) - 4, 4), ""), "00\:00") + IF(TEXT(IF(ISNUMBER(SEARCH("-", F54:L54)), MID(F54:L54, SEARCH("-", F54:L54) + 1, 4), ""), "00\:00") < TEXT(IF(ISNUMBER(SEARCH("-", F54:L54)), MID(F54:L54, SEARCH("-", F54:L54) - 4, 4), ""), "00\:00"), 1, 0))*24,""))))/9.5} -> 3 | Q54: =P54+O54+N54 -> 3 | R54: =IF(ISNUMBER(SEARCH("trg_5",H146)),5,IF(ISNUMBER(SEARCH("trg_3.75",H146)),3.75,IF(ISNUMBER(SEARCH("trg_2.5",H146)),2.5,IF(ISNUMBER(SEARCH("trg_1.75",H146)),1.75,0)))) -> 3.75 | S54: =IF($C$4=1,SUM(Q54+INDIRECT("'Week "&($B$3+1)&"'!Q"&(ROW()))),IF($C$4=2,SUM(Q54+INDIRECT("'Week "&($B$3-1)&"'!Q"&(ROW()))))) -> 6 | T54: =(IFERROR(VLOOKUP(D54,'Employee Numbers'!$A$3:$C$84,3,FALSE),"NOT FOUND"))*8 -> 8
A55: Paediatric Emergency Fellow | D55: Seamus Harrington | E55: =IFERROR(VLOOKUP(D55,'Employee Numbers'!$A$3:$B$84,2,FALSE),"NOT FOUND") -> 704751 | F55: 1430-0000 | G55: 1430-0000 | I55: 0800-1730 CS | J55: 1430-0000 | N55: {=((SUM(IFERROR((TEXT(IF(ISNUMBER(SEARCH("-", F55:L55)), MID(F55:L55, SEARCH("-", F55:L55) + 1, 4), ""), "00\:00") - TEXT(IF(ISNUMBER(SEARCH("-", F55:L55)), MID(F55:L55, SEARCH("-", F55:L55) - 4, 4), ""), "00\:00") + IF(TEXT(IF(ISNUMBER(SEARCH("-", F55:L55)), MID(F55:L55, SEARCH("-", F55:L55) + 1, 4), ""), "00\:00") < TEXT(IF(ISNUMBER(SEARCH("-", F55:L55)), MID(F55:L55, SEARCH("-", F55:L55) - 4, 4), ""), "00\:00"), 1, 0))*24,""))))/9.5} -> 4 | Q55: =P55+O55+N55 -> 4 | R55: =IF(ISNUMBER(SEARCH("trg_5",H147)),5,IF(ISNUMBER(SEARCH("trg_3.75",H147)),3.75,IF(ISNUMBER(SEARCH("trg_2.5",H147)),2.5,IF(ISNUMBER(SEARCH("trg_1.75",H147)),1.75,0)))) -> 5 | S55: =IF($C$4=1,SUM(Q55+INDIRECT("'Week "&($B$3+1)&"'!Q"&(ROW()))),IF($C$4=2,SUM(Q55+INDIRECT("'Week "&($B$3-1)&"'!Q"&(ROW()))))) -> 8 | T55: =(IFERROR(VLOOKUP(D55,'Employee Numbers'!$A$3:$C$84,3,FALSE),"NOT FOUND"))*8 -> 0
A56: Paediatric Emergency Fellow | D56: Antra Ansons | E56: =IFERROR(VLOOKUP(D56,'Employee Numbers'!$A$3:$B$84,2,FALSE),"NOT FOUND") -> 637219 | G56: 0800-1730 CS | H56: 1430-0000 | K56: 1430-0000 | L56: 1430-0000 | N56: {=((SUM(IFERROR((TEXT(IF(ISNUMBER(SEARCH("-", F56:L56)), MID(F56:L56, SEARCH("-", F56:L56) + 1, 4), ""), "00\:00") - TEXT(IF(ISNUMBER(SEARCH("-", F56:L56)), MID(F56:L56, SEARCH("-", F56:L56) - 4, 4), ""), "00\:00") + IF(TEXT(IF(ISNUMBER(SEARCH("-", F56:L56)), MID(F56:L56, SEARCH("-", F56:L56) + 1, 4), ""), "00\:00") < TEXT(IF(ISNUMBER(SEARCH("-", F56:L56)), MID(F56:L56, SEARCH("-", F56:L56) - 4, 4), ""), "00\:00"), 1, 0))*24,""))))/9.5} -> 4 | Q56: =P56+O56+N56 -> 4 | R56: =IF(ISNUMBER(SEARCH("trg_5",H148)),5,IF(ISNUMBER(SEARCH("trg_3.75",H148)),3.75,IF(ISNUMBER(SEARCH("trg_2.5",H148)),2.5,IF(ISNUMBER(SEARCH("trg_1.75",H148)),1.75,0)))) -> 5 | S56: =IF($C$4=1,SUM(Q56+INDIRECT("'Week "&($B$3+1)&"'!Q"&(ROW()))),IF($C$4=2,SUM(Q56+INDIRECT("'Week "&($B$3-1)&"'!Q"&(ROW()))))) -> 7 | T56: =(IFERROR(VLOOKUP(D56,'Employee Numbers'!$A$3:$C$84,3,FALSE),"NOT FOUND"))*8 -> 0
A57: Paediatric Emergency Fellow | E57: =IFERROR(VLOOKUP(D57,'Employee Numbers'!$A$3:$B$84,2,FALSE),"NOT FOUND") -> NOT FOUND | N57: {=((SUM(IFERROR((TEXT(IF(ISNUMBER(SEARCH("-", F57:L57)), MID(F57:L57, SEARCH("-", F57:L57) + 1, 4), ""), "00\:00") - TEXT(IF(ISNUMBER(SEARCH("-", F57:L57)), MID(F57:L57, SEARCH("-", F57:L57) - 4, 4), ""), "00\:00") + IF(TEXT(IF(ISNUMBER(SEARCH("-", F57:L57)), MID(F57:L57, SEARCH("-", F57:L57) + 1, 4), ""), "00\:00") < TEXT(IF(ISNUMBER(SEARCH("-", F57:L57)), MID(F57:L57, SEARCH("-", F57:L57) - 4, 4), ""), "00\:00"), 1, 0))*24,""))))/9.5} -> 0 | Q57: =P57+O57+N57 -> 0 | R57: =IF(ISNUMBER(SEARCH("trg_5",H149)),5,IF(ISNUMBER(SEARCH("trg_3.75",H149)),3.75,IF(ISNUMBER(SEARCH("trg_2.5",H149)),2.5,IF(ISNUMBER(SEARCH("trg_1.75",H149)),1.75,0)))) -> 2.5 | S57: =IF($C$4=1,SUM(Q57+INDIRECT("'Week "&($B$3+1)&"'!Q"&(ROW()))),IF($C$4=2,SUM(Q57+INDIRECT("'Week "&($B$3-1)&"'!Q"&(ROW()))))) -> 0 | T57: =(IFERROR(VLOOKUP(D57,'Employee Numbers'!$A$3:$C$84,3,FALSE),"NOT FOUND"))*8 -> #VALUE!
A58: Paediatric Emergency Fellow | E58: =IFERROR(VLOOKUP(D58,'Employee Numbers'!$A$3:$B$84,2,FALSE),"NOT FOUND") -> NOT FOUND | N58: {=((SUM(IFERROR((TEXT(IF(ISNUMBER(SEARCH("-", F58:L58)), MID(F58:L58, SEARCH("-", F58:L58) + 1, 4), ""), "00\:00") - TEXT(IF(ISNUMBER(SEARCH("-", F58:L58)), MID(F58:L58, SEARCH("-", F58:L58) - 4, 4), ""), "00\:00") + IF(TEXT(IF(ISNUMBER(SEARCH("-", F58:L58)), MID(F58:L58, SEARCH("-", F58:L58) + 1, 4), ""), "00\:00") < TEXT(IF(ISNUMBER(SEARCH("-", F58:L58)), MID(F58:L58, SEARCH("-", F58:L58) - 4, 4), ""), "00\:00"), 1, 0))*24,""))))/9.5} -> 0 | Q58: =P58+O58+N58 -> 0 | R58: =IF(ISNUMBER(SEARCH("trg_5",H150)),5,IF(ISNUMBER(SEARCH("trg_3.75",H150)),3.75,IF(ISNUMBER(SEARCH("trg_2.5",H150)),2.5,IF(ISNUMBER(SEARCH("trg_1.75",H150)),1.75,0)))) -> 2.5 | S58: =IF($C$4=1,SUM(Q58+INDIRECT("'Week "&($B$3+1)&"'!Q"&(ROW()))),IF($C$4=2,SUM(Q58+INDIRECT("'Week "&($B$3-1)&"'!Q"&(ROW()))))) -> 0 | T58: =(IFERROR(VLOOKUP(D58,'Employee Numbers'!$A$3:$C$84,3,FALSE),"NOT FOUND"))*8 -> #VALUE!
A59: Paediatric Emergency Fellow | E59: =IFERROR(VLOOKUP(D59,'Employee Numbers'!$A$3:$B$84,2,FALSE),"NOT FOUND") -> NOT FOUND | N59: {=((SUM(IFERROR((TEXT(IF(ISNUMBER(SEARCH("-", F59:L59)), MID(F59:L59, SEARCH("-", F59:L59) + 1, 4), ""), "00\:00") - TEXT(IF(ISNUMBER(SEARCH("-", F59:L59)), MID(F59:L59, SEARCH("-", F59:L59) - 4, 4), ""), "00\:00") + IF(TEXT(IF(ISNUMBER(SEARCH("-", F59:L59)), MID(F59:L59, SEARCH("-", F59:L59) + 1, 4), ""), "00\:00") < TEXT(IF(ISNUMBER(SEARCH("-", F59:L59)), MID(F59:L59, SEARCH("-", F59:L59) - 4, 4), ""), "00\:00"), 1, 0))*24,""))))/9.5} -> 0 | Q59: =P59+O59+N59 -> 0 | R59: =IF(ISNUMBER(SEARCH("trg_5",H151)),5,IF(ISNUMBER(SEARCH("trg_3.75",H151)),3.75,IF(ISNUMBER(SEARCH("trg_2.5",H151)),2.5,IF(ISNUMBER(SEARCH("trg_1.75",H151)),1.75,0)))) -> 2.5 | S59: =IF($C$4=1,SUM(Q59+INDIRECT("'Week "&($B$3+1)&"'!Q"&(ROW()))),IF($C$4=2,SUM(Q59+INDIRECT("'Week "&($B$3-1)&"'!Q"&(ROW()))))) -> 0 | T59: =(IFERROR(VLOOKUP(D59,'Employee Numbers'!$A$3:$C$84,3,FALSE),"NOT FOUND"))*8 -> #VALUE!
A60: Registrar | D60: Registrar | E60: Emp No | F60: Monday | G60: Tuesday | H60: Wednesday Teaching 1000-1400 | I60: Thursday | J60: Friday | K60: Saturday | L60: Sunday
A61: Paediatric Emergency Registrar | D61: Mark Lim | E61: =IFERROR(VLOOKUP(D61,'Employee Numbers'!$A$3:$B$84,2,FALSE),"NOT FOUND") -> 638531 | G61: 0800-1730 | H61: 1430-0000 | I61: 1430-0000 | J61: 1430-0000 | N61: {=((SUM(IFERROR((TEXT(IF(ISNUMBER(SEARCH("-", F61:L61)), MID(F61:L61, SEARCH("-", F61:L61) + 1, 4), ""), "00\:00") - TEXT(IF(ISNUMBER(SEARCH("-", F61:L61)), MID(F61:L61, SEARCH("-", F61:L61) - 4, 4), ""), "00\:00") + IF(TEXT(IF(ISNUMBER(SEARCH("-", F61:L61)), MID(F61:L61, SEARCH("-", F61:L61) + 1, 4), ""), "00\:00") < TEXT(IF(ISNUMBER(SEARCH("-", F61:L61)), MID(F61:L61, SEARCH("-", F61:L61) - 4, 4), ""), "00\:00"), 1, 0))*24,""))))/9.5} -> 4 | Q61: =P61+O61+N61 -> 4 | R61: =IF(ISNUMBER(SEARCH("trg_5",H153)),5,IF(ISNUMBER(SEARCH("trg_3.75",H153)),3.75,IF(ISNUMBER(SEARCH("trg_2.5",H153)),2.5,IF(ISNUMBER(SEARCH("trg_1.75",H153)),1.75,0)))) -> 5 | S61: =IF($C$4=1,SUM(Q61+INDIRECT("'Week "&($B$3+1)&"'!Q"&(ROW()))),IF($C$4=2,SUM(Q61+INDIRECT("'Week "&($B$3-1)&"'!Q"&(ROW()))))) -> 8 | T61: =(IFERROR(VLOOKUP(D61,'Employee Numbers'!$A$3:$C$84,3,FALSE),"NOT FOUND"))*8 -> 0
A62: Paediatric Emergency Registrar | D62: Melanie Engel | E62: =IFERROR(VLOOKUP(D62,'Employee Numbers'!$A$3:$B$84,2,FALSE),"NOT FOUND") -> 631715 | G62: 0800-1730 | H62: 1430-0000 | I62: 1430-0000 | J62: 1430-0000 | N62: {=((SUM(IFERROR((TEXT(IF(ISNUMBER(SEARCH("-", F62:L62)), MID(F62:L62, SEARCH("-", F62:L62) + 1, 4), ""), "00\:00") - TEXT(IF(ISNUMBER(SEARCH("-", F62:L62)), MID(F62:L62, SEARCH("-", F62:L62) - 4, 4), ""), "00\:00") + IF(TEXT(IF(ISNUMBER(SEARCH("-", F62:L62)), MID(F62:L62, SEARCH("-", F62:L62) + 1, 4), ""), "00\:00") < TEXT(IF(ISNUMBER(SEARCH("-", F62:L62)), MID(F62:L62, SEARCH("-", F62:L62) - 4, 4), ""), "00\:00"), 1, 0))*24,""))))/9.5} -> 4 | Q62: =P62+O62+N62 -> 4 | R62: =IF(ISNUMBER(SEARCH("trg_5",H154)),5,IF(ISNUMBER(SEARCH("trg_3.75",H154)),3.75,IF(ISNUMBER(SEARCH("trg_2.5",H154)),2.5,IF(ISNUMBER(SEARCH("trg_1.75",H154)),1.75,0)))) -> 5 | S62: =IF($C$4=1,SUM(Q62+INDIRECT("'Week "&($B$3+1)&"'!Q"&(ROW()))),IF($C$4=2,SUM(Q62+INDIRECT("'Week "&($B$3-1)&"'!Q"&(ROW()))))) -> 8 | T62: =(IFERROR(VLOOKUP(D62,'Employee Numbers'!$A$3:$C$84,3,FALSE),"NOT FOUND"))*8 -> 0
A63: Paediatric Emergency Registrar | D63: Marian Isaac (0.75) | E63: =IFERROR(VLOOKUP(D63,'Employee Numbers'!$A$3:$B$84,2,FALSE),"NOT FOUND") -> 703719 | J63: 2300-0830 | K63: 2300-0830 | L63: 2300-0830 | N63: {=((SUM(IFERROR((TEXT(IF(ISNUMBER(SEARCH("-", F63:L63)), MID(F63:L63, SEARCH("-", F63:L63) + 1, 4), ""), "00\:00") - TEXT(IF(ISNUMBER(SEARCH("-", F63:L63)), MID(F63:L63, SEARCH("-", F63:L63) - 4, 4), ""), "00\:00") + IF(TEXT(IF(ISNUMBER(SEARCH("-", F63:L63)), MID(F63:L63, SEARCH("-", F63:L63) + 1, 4), ""), "00\:00") < TEXT(IF(ISNUMBER(SEARCH("-", F63:L63)), MID(F63:L63, SEARCH("-", F63:L63) - 4, 4), ""), "00\:00"), 1, 0))*24,""))))/9.5} -> 3 | Q63: =P63+O63+N63 -> 3 | R63: =IF(ISNUMBER(SEARCH("trg_5",H155)),5,IF(ISNUMBER(SEARCH("trg_3.75",H155)),3.75,IF(ISNUMBER(SEARCH("trg_2.5",H155)),2.5,IF(ISNUMBER(SEARCH("trg_1.75",H155)),1.75,0)))) -> 3.75 | S63: =IF($C$4=1,SUM(Q63+INDIRECT("'Week "&($B$3+1)&"'!Q"&(ROW()))),IF($C$4=2,SUM(Q63+INDIRECT("'Week "&($B$3-1)&"'!Q"&(ROW()))))) -> 6 | T63: =(IFERROR(VLOOKUP(D63,'Employee Numbers'!$A$3:$C$84,3,FALSE),"NOT FOUND"))*8 -> 0
A64: Paediatric Emergency Registrar | D64: Jonathan Wong (0.75) | E64: =IFERROR(VLOOKUP(D64,'Employee Numbers'!$A$3:$B$84,2,FALSE),"NOT FOUND") -> 637791 | G64: 1430-0000 | K64: 0800-1730 | L64: 0800-1730 | N64: {=((SUM(IFERROR((TEXT(IF(ISNUMBER(SEARCH("-", F64:L64)), MID(F64:L64, SEARCH("-", F64:L64) + 1, 4), ""), "00\:00") - TEXT(IF(ISNUMBER(SEARCH("-", F64:L64)), MID(F64:L64, SEARCH("-", F64:L64) - 4, 4), ""), "00\:00") + IF(TEXT(IF(ISNUMBER(SEARCH("-", F64:L64)), MID(F64:L64, SEARCH("-", F64:L64) + 1, 4), ""), "00\:00") < TEXT(IF(ISNUMBER(SEARCH("-", F64:L64)), MID(F64:L64, SEARCH("-", F64:L64) - 4, 4), ""), "00\:00"), 1, 0))*24,""))))/9.5} -> 3 | Q64: =P64+O64+N64 -> 3 | R64: =IF(ISNUMBER(SEARCH("trg_5",H156)),5,IF(ISNUMBER(SEARCH("trg_3.75",H156)),3.75,IF(ISNUMBER(SEARCH("trg_2.5",H156)),2.5,IF(ISNUMBER(SEARCH("trg_1.75",H156)),1.75,0)))) -> 3.75 | S64: =IF($C$4=1,SUM(Q64+INDIRECT("'Week "&($B$3+1)&"'!Q"&(ROW()))),IF($C$4=2,SUM(Q64+INDIRECT("'Week "&($B$3-1)&"'!Q"&(ROW()))))) -> 6 | T64: =(IFERROR(VLOOKUP(D64,'Employee Numbers'!$A$3:$C$84,3,FALSE),"NOT FOUND"))*8 -> 0
A65: Paediatric Emergency Registrar | D65: Joshua Feek | E65: =IFERROR(VLOOKUP(D65,'Employee Numbers'!$A$3:$B$84,2,FALSE),"NOT FOUND") -> 652867 | G65: 0800-1730 | H65: 1430-0000 | I65: 1430-0000 | J65: 1430-0000 | L65: 1430-0000 | N65: {=((SUM(IFERROR((TEXT(IF(ISNUMBER(SEARCH("-", F65:L65)), MID(F65:L65, SEARCH("-", F65:L65) + 1, 4), ""), "00\:00") - TEXT(IF(ISNUMBER(SEARCH("-", F65:L65)), MID(F65:L65, SEARCH("-", F65:L65) - 4, 4), ""), "00\:00") + IF(TEXT(IF(ISNUMBER(SEARCH("-", F65:L65)), MID(F65:L65, SEARCH("-", F65:L65) + 1, 4), ""), "00\:00") < TEXT(IF(ISNUMBER(SEARCH("-", F65:L65)), MID(F65:L65, SEARCH("-", F65:L65) - 4, 4), ""), "00\:00"), 1, 0))*24,""))))/9.5} -> 5 | Q65: =P65+O65+N65 -> 5 | R65: =IF(ISNUMBER(SEARCH("trg_5",H157)),5,IF(ISNUMBER(SEARCH("trg_3.75",H157)),3.75,IF(ISNUMBER(SEARCH("trg_2.5",H157)),2.5,IF(ISNUMBER(SEARCH("trg_1.75",H157)),1.75,0)))) -> 5 | S65: =IF($C$4=1,SUM(Q65+INDIRECT("'Week "&($B$3+1)&"'!Q"&(ROW()))),IF($C$4=2,SUM(Q65+INDIRECT("'Week "&($B$3-1)&"'!Q"&(ROW()))))) -> 9 | T65: =(IFERROR(VLOOKUP(D65,'Employee Numbers'!$A$3:$C$84,3,FALSE),"NOT FOUND"))*8 -> 0
A66: Paediatric Emergency Registrar | D66: Andrea Lim (0.5) | E66: =IFERROR(VLOOKUP(D66,'Employee Numbers'!$A$3:$B$84,2,FALSE),"NOT FOUND") -> 611551 | J66: 0800-1730 | K66: 1430-0000 | N66: {=((SUM(IFERROR((TEXT(IF(ISNUMBER(SEARCH("-", F66:L66)), MID(F66:L66, SEARCH("-", F66:L66) + 1, 4), ""), "00\:00") - TEXT(IF(ISNUMBER(SEARCH("-", F66:L66)), MID(F66:L66, SEARCH("-", F66:L66) - 4, 4), ""), "00\:00") + IF(TEXT(IF(ISNUMBER(SEARCH("-", F66:L66)), MID(F66:L66, SEARCH("-", F66:L66) + 1, 4), ""), "00\:00") < TEXT(IF(ISNUMBER(SEARCH("-", F66:L66)), MID(F66:L66, SEARCH("-", F66:L66) - 4, 4), ""), "00\:00"), 1, 0))*24,""))))/9.5} -> 2 | Q66: =P66+O66+N66 -> 2 | R66: =IF(ISNUMBER(SEARCH("trg_5",H158)),5,IF(ISNUMBER(SEARCH("trg_3.75",H158)),3.75,IF(ISNUMBER(SEARCH("trg_2.5",H158)),2.5,IF(ISNUMBER(SEARCH("trg_1.75",H158)),1.75,0)))) -> 2.5 | S66: =IF($C$4=1,SUM(Q66+INDIRECT("'Week "&($B$3+1)&"'!Q"&(ROW()))),IF($C$4=2,SUM(Q66+INDIRECT("'Week "&($B$3-1)&"'!Q"&(ROW()))))) -> 5 | T66: =(IFERROR(VLOOKUP(D66,'Employee Numbers'!$A$3:$C$84,3,FALSE),"NOT FOUND"))*8 -> 0
A67: Paediatric Emergency Registrar | D67: Jessica Burgess (0.5) | E67: =IFERROR(VLOOKUP(D67,'Employee Numbers'!$A$3:$B$84,2,FALSE),"NOT FOUND") -> 615820 | F67: 2300-0830 | G67: 2300-0830 | N67: {=((SUM(IFERROR((TEXT(IF(ISNUMBER(SEARCH("-", F67:L67)), MID(F67:L67, SEARCH("-", F67:L67) + 1, 4), ""), "00\:00") - TEXT(IF(ISNUMBER(SEARCH("-", F67:L67)), MID(F67:L67, SEARCH("-", F67:L67) - 4, 4), ""), "00\:00") + IF(TEXT(IF(ISNUMBER(SEARCH("-", F67:L67)), MID(F67:L67, SEARCH("-", F67:L67) + 1, 4), ""), "00\:00") < TEXT(IF(ISNUMBER(SEARCH("-", F67:L67)), MID(F67:L67, SEARCH("-", F67:L67) - 4, 4), ""), "00\:00"), 1, 0))*24,""))))/9.5} -> 2 | Q67: =P67+O67+N67 -> 2 | R67: =IF(ISNUMBER(SEARCH("trg_5",H159)),5,IF(ISNUMBER(SEARCH("trg_3.75",H159)),3.75,IF(ISNUMBER(SEARCH("trg_2.5",H159)),2.5,IF(ISNUMBER(SEARCH("trg_1.75",H159)),1.75,0)))) -> 2.5 | S67: =IF($C$4=1,SUM(Q67+INDIRECT("'Week "&($B$3+1)&"'!Q"&(ROW()))),IF($C$4=2,SUM(Q67+INDIRECT("'Week "&($B$3-1)&"'!Q"&(ROW()))))) -> 4 | T67: =(IFERROR(VLOOKUP(D67,'Employee Numbers'!$A$3:$C$84,3,FALSE),"NOT FOUND"))*8 -> 0
A68: Paediatric Emergency Registrar | D68: Elisha Gallivan | E68: =IFERROR(VLOOKUP(D68,'Employee Numbers'!$A$3:$B$84,2,FALSE),"NOT FOUND") -> 654727 | H68: 2300-0830 | I68: 2300-0830 | N68: {=((SUM(IFERROR((TEXT(IF(ISNUMBER(SEARCH("-", F68:L68)), MID(F68:L68, SEARCH("-", F68:L68) + 1, 4), ""), "00\:00") - TEXT(IF(ISNUMBER(SEARCH("-", F68:L68)), MID(F68:L68, SEARCH("-", F68:L68) - 4, 4), ""), "00\:00") + IF(TEXT(IF(ISNUMBER(SEARCH("-", F68:L68)), MID(F68:L68, SEARCH("-", F68:L68) + 1, 4), ""), "00\:00") < TEXT(IF(ISNUMBER(SEARCH("-", F68:L68)), MID(F68:L68, SEARCH("-", F68:L68) - 4, 4), ""), "00\:00"), 1, 0))*24,""))))/9.5} -> 2 | Q68: =P68+O68+N68 -> 2 | R68: =IF(ISNUMBER(SEARCH("trg_5",H160)),5,IF(ISNUMBER(SEARCH("trg_3.75",H160)),3.75,IF(ISNUMBER(SEARCH("trg_2.5",H160)),2.5,IF(ISNUMBER(SEARCH("trg_1.75",H160)),1.75,0)))) -> 5 | S68: =IF($C$4=1,SUM(Q68+INDIRECT("'Week "&($B$3+1)&"'!Q"&(ROW()))),IF($C$4=2,SUM(Q68+INDIRECT("'Week "&($B$3-1)&"'!Q"&(ROW()))))) -> 6 | T68: =(IFERROR(VLOOKUP(D68,'Employee Numbers'!$A$3:$C$84,3,FALSE),"NOT FOUND"))*8 -> 0
A69: Paediatric Emergency Registrar | D69: Leila Dosso | E69: =IFERROR(VLOOKUP(D69,'Employee Numbers'!$A$3:$B$84,2,FALSE),"NOT FOUND") -> 702947 | F69: 1430-0000 | H69: 2300-0830 | J69: 1430-0000 | K69: 1430-0000 | N69: {=((SUM(IFERROR((TEXT(IF(ISNUMBER(SEARCH("-", F69:L69)), MID(F69:L69, SEARCH("-", F69:L69) + 1, 4), ""), "00\:00") - TEXT(IF(ISNUMBER(SEARCH("-", F69:L69)), MID(F69:L69, SEARCH("-", F69:L69) - 4, 4), ""), "00\:00") + IF(TEXT(IF(ISNUMBER(SEARCH("-", F69:L69)), MID(F69:L69, SEARCH("-", F69:L69) + 1, 4), ""), "00\:00") < TEXT(IF(ISNUMBER(SEARCH("-", F69:L69)), MID(F69:L69, SEARCH("-", F69:L69) - 4, 4), ""), "00\:00"), 1, 0))*24,""))))/9.5} -> 4 | Q69: =P69+O69+N69 -> 4 | R69: =IF(ISNUMBER(SEARCH("trg_5",H161)),5,IF(ISNUMBER(SEARCH("trg_3.75",H161)),3.75,IF(ISNUMBER(SEARCH("trg_2.5",H161)),2.5,IF(ISNUMBER(SEARCH("trg_1.75",H161)),1.75,0)))) -> 5 | S69: =IF($C$4=1,SUM(Q69+INDIRECT("'Week "&($B$3+1)&"'!Q"&(ROW()))),IF($C$4=2,SUM(Q69+INDIRECT("'Week "&($B$3-1)&"'!Q"&(ROW()))))) -> 8 | T69: =(IFERROR(VLOOKUP(D69,'Employee Numbers'!$A$3:$C$84,3,FALSE),"NOT FOUND"))*8 -> 0
A70: Paediatric Emergency Registrar | D70: Efi Tsampou | E70: =IFERROR(VLOOKUP(D70,'Employee Numbers'!$A$3:$B$84,2,FALSE),"NOT FOUND") -> 654002 | F70: 1430-0000 | G70: 1430-0000 | I70: 0800-1730 | K70: 0800-1730 | L70: 0800-1730 | N70: {=((SUM(IFERROR((TEXT(IF(ISNUMBER(SEARCH("-", F70:L70)), MID(F70:L70, SEARCH("-", F70:L70) + 1, 4), ""), "00\:00") - TEXT(IF(ISNUMBER(SEARCH("-", F70:L70)), MID(F70:L70, SEARCH("-", F70:L70) - 4, 4), ""), "00\:00") + IF(TEXT(IF(ISNUMBER(SEARCH("-", F70:L70)), MID(F70:L70, SEARCH("-", F70:L70) + 1, 4), ""), "00\:00") < TEXT(IF(ISNUMBER(SEARCH("-", F70:L70)), MID(F70:L70, SEARCH("-", F70:L70) - 4, 4), ""), "00\:00"), 1, 0))*24,""))))/9.5} -> 5 | Q70: =P70+O70+N70 -> 5 | R70: =IF(ISNUMBER(SEARCH("trg_5",H162)),5,IF(ISNUMBER(SEARCH("trg_3.75",H162)),3.75,IF(ISNUMBER(SEARCH("trg_2.5",H162)),2.5,IF(ISNUMBER(SEARCH("trg_1.75",H162)),1.75,0)))) -> 5 | S70: =IF($C$4=1,SUM(Q70+INDIRECT("'Week "&($B$3+1)&"'!Q"&(ROW()))),IF($C$4=2,SUM(Q70+INDIRECT("'Week "&($B$3-1)&"'!Q"&(ROW()))))) -> 9 | T70: =(IFERROR(VLOOKUP(D70,'Employee Numbers'!$A$3:$C$84,3,FALSE),"NOT FOUND"))*8 -> 0
A71: Paediatric Emergency Registrar | D71: Marian Panlilio | E71: =IFERROR(VLOOKUP(D71,'Employee Numbers'!$A$3:$B$84,2,FALSE),"NOT FOUND") -> 703068 | H71: Exam | K71: 1430-0000 | L71: 1430-0000 | N71: {=((SUM(IFERROR((TEXT(IF(ISNUMBER(SEARCH("-", F71:L71)), MID(F71:L71, SEARCH("-", F71:L71) + 1, 4), ""), "00\:00") - TEXT(IF(ISNUMBER(SEARCH("-", F71:L71)), MID(F71:L71, SEARCH("-", F71:L71) - 4, 4), ""), "00\:00") + IF(TEXT(IF(ISNUMBER(SEARCH("-", F71:L71)), MID(F71:L71, SEARCH("-", F71:L71) + 1, 4), ""), "00\:00") < TEXT(IF(ISNUMBER(SEARCH("-", F71:L71)), MID(F71:L71, SEARCH("-", F71:L71) - 4, 4), ""), "00\:00"), 1, 0))*24,""))))/9.5} -> 2 | P71: 2 | Q71: =P71+O71+N71 -> 4 | R71: =IF(ISNUMBER(SEARCH("trg_5",H163)),5,IF(ISNUMBER(SEARCH("trg_3.75",H163)),3.75,IF(ISNUMBER(SEARCH("trg_2.5",H163)),2.5,IF(ISNUMBER(SEARCH("trg_1.75",H163)),1.75,0)))) -> 5 | S71: =IF($C$4=1,SUM(Q71+INDIRECT("'Week "&($B$3+1)&"'!Q"&(ROW()))),IF($C$4=2,SUM(Q71+INDIRECT("'Week "&($B$3-1)&"'!Q"&(ROW()))))) -> 7 | T71: =(IFERROR(VLOOKUP(D71,'Employee Numbers'!$A$3:$C$84,3,FALSE),"NOT FOUND"))*8 -> 0
A72: Paediatric Emergency Registrar | D72: Takhfif Othman | E72: =IFERROR(VLOOKUP(D72,'Employee Numbers'!$A$3:$B$84,2,FALSE),"NOT FOUND") -> 703911 | I72: 1430-0000 | J72: 2300-0830 | K72: 2300-0830 | L72: 2300-0830 | N72: {=((SUM(IFERROR((TEXT(IF(ISNUMBER(SEARCH("-", F72:L72)), MID(F72:L72, SEARCH("-", F72:L72) + 1, 4), ""), "00\:00") - TEXT(IF(ISNUMBER(SEARCH("-", F72:L72)), MID(F72:L72, SEARCH("-", F72:L72) - 4, 4), ""), "00\:00") + IF(TEXT(IF(ISNUMBER(SEARCH("-", F72:L72)), MID(F72:L72, SEARCH("-", F72:L72) + 1, 4), ""), "00\:00") < TEXT(IF(ISNUMBER(SEARCH("-", F72:L72)), MID(F72:L72, SEARCH("-", F72:L72) - 4, 4), ""), "00\:00"), 1, 0))*24,""))))/9.5} -> 4 | Q72: =P72+O72+N72 -> 4 | R72: =IF(ISNUMBER(SEARCH("trg_5",H164)),5,IF(ISNUMBER(SEARCH("trg_3.75",H164)),3.75,IF(ISNUMBER(SEARCH("trg_2.5",H164)),2.5,IF(ISNUMBER(SEARCH("trg_1.75",H164)),1.75,0)))) -> 5 | S72: =IF($C$4=1,SUM(Q72+INDIRECT("'Week "&($B$3+1)&"'!Q"&(ROW()))),IF($C$4=2,SUM(Q72+INDIRECT("'Week "&($B$3-1)&"'!Q"&(ROW()))))) -> 8 | T72: =(IFERROR(VLOOKUP(D72,'Employee Numbers'!$A$3:$C$84,3,FALSE),"NOT FOUND"))*8 -> 0
A73: Paediatric Emergency Registrar | D73: Toby Obrien | E73: =IFERROR(VLOOKUP(D73,'Employee Numbers'!$A$3:$B$84,2,FALSE),"NOT FOUND") -> 633936 | F73: 0800-1730 | G73: 1430-0000 | I73: 1430-0000 | J73: 1430-0000 | L73: 1430-0000 | N73: {=((SUM(IFERROR((TEXT(IF(ISNUMBER(SEARCH("-", F73:L73)), MID(F73:L73, SEARCH("-", F73:L73) + 1, 4), ""), "00\:00") - TEXT(IF(ISNUMBER(SEARCH("-", F73:L73)), MID(F73:L73, SEARCH("-", F73:L73) - 4, 4), ""), "00\:00") + IF(TEXT(IF(ISNUMBER(SEARCH("-", F73:L73)), MID(F73:L73, SEARCH("-", F73:L73) + 1, 4), ""), "00\:00") < TEXT(IF(ISNUMBER(SEARCH("-", F73:L73)), MID(F73:L73, SEARCH("-", F73:L73) - 4, 4), ""), "00\:00"), 1, 0))*24,""))))/9.5} -> 5 | Q73: =P73+O73+N73 -> 5 | R73: =IF(ISNUMBER(SEARCH("trg_5",H165)),5,IF(ISNUMBER(SEARCH("trg_3.75",H165)),3.75,IF(ISNUMBER(SEARCH("trg_2.5",H165)),2.5,IF(ISNUMBER(SEARCH("trg_1.75",H165)),1.75,0)))) -> 5 | S73: =IF($C$4=1,SUM(Q73+INDIRECT("'Week "&($B$3+1)&"'!Q"&(ROW()))),IF($C$4=2,SUM(Q73+INDIRECT("'Week "&($B$3-1)&"'!Q"&(ROW()))))) -> 7 | T73: =(IFERROR(VLOOKUP(D73,'Employee Numbers'!$A$3:$C$84,3,FALSE),"NOT FOUND"))*8 -> 0
A74: Paediatric Emergency Registrar | D74: William Jiang | E74: =IFERROR(VLOOKUP(D74,'Employee Numbers'!$A$3:$B$84,2,FALSE),"NOT FOUND") -> 700755 | F74: 0800-1730 | G74: 1430-0000 | H74: 1430-0000 | L74: 1430-0000 | N74: {=((SUM(IFERROR((TEXT(IF(ISNUMBER(SEARCH("-", F74:L74)), MID(F74:L74, SEARCH("-", F74:L74) + 1, 4), ""), "00\:00") - TEXT(IF(ISNUMBER(SEARCH("-", F74:L74)), MID(F74:L74, SEARCH("-", F74:L74) - 4, 4), ""), "00\:00") + IF(TEXT(IF(ISNUMBER(SEARCH("-", F74:L74)), MID(F74:L74, SEARCH("-", F74:L74) + 1, 4), ""), "00\:00") < TEXT(IF(ISNUMBER(SEARCH("-", F74:L74)), MID(F74:L74, SEARCH("-", F74:L74) - 4, 4), ""), "00\:00"), 1, 0))*24,""))))/9.5} -> 4 | Q74: =P74+O74+N74 -> 4 | R74: =IF(ISNUMBER(SEARCH("trg_5",H166)),5,IF(ISNUMBER(SEARCH("trg_3.75",H166)),3.75,IF(ISNUMBER(SEARCH("trg_2.5",H166)),2.5,IF(ISNUMBER(SEARCH("trg_1.75",H166)),1.75,0)))) -> 5 | S74: =IF($C$4=1,SUM(Q74+INDIRECT("'Week "&($B$3+1)&"'!Q"&(ROW()))),IF($C$4=2,SUM(Q74+INDIRECT("'Week "&($B$3-1)&"'!Q"&(ROW()))))) -> 8 | T74: =(IFERROR(VLOOKUP(D74,'Employee Numbers'!$A$3:$C$84,3,FALSE),"NOT FOUND"))*8 -> 0
A75: Paediatric Emergency Registrar | D75: Pam Nelson | E75: =IFERROR(VLOOKUP(D75,'Employee Numbers'!$A$3:$B$84,2,FALSE),"NOT FOUND") -> 704872 | K75: 1430-0000 | L75: 1430-0000 | N75: {=((SUM(IFERROR((TEXT(IF(ISNUMBER(SEARCH("-", F75:L75)), MID(F75:L75, SEARCH("-", F75:L75) + 1, 4), ""), "00\:00") - TEXT(IF(ISNUMBER(SEARCH("-", F75:L75)), MID(F75:L75, SEARCH("-", F75:L75) - 4, 4), ""), "00\:00") + IF(TEXT(IF(ISNUMBER(SEARCH("-", F75:L75)), MID(F75:L75, SEARCH("-", F75:L75) + 1, 4), ""), "00\:00") < TEXT(IF(ISNUMBER(SEARCH("-", F75:L75)), MID(F75:L75, SEARCH("-", F75:L75) - 4, 4), ""), "00\:00"), 1, 0))*24,""))))/9.5} -> 2 | Q75: =P75+O75+N75 -> 2 | R75: =IF(ISNUMBER(SEARCH("trg_5",H167)),5,IF(ISNUMBER(SEARCH("trg_3.75",H167)),3.75,IF(ISNUMBER(SEARCH("trg_2.5",H167)),2.5,IF(ISNUMBER(SEARCH("trg_1.75",H167)),1.75,0)))) -> 5 | S75: =IF($C$4=1,SUM(Q75+INDIRECT("'Week "&($B$3+1)&"'!Q"&(ROW()))),IF($C$4=2,SUM(Q75+INDIRECT("'Week "&($B$3-1)&"'!Q"&(ROW()))))) -> 5 | T75: =(IFERROR(VLOOKUP(D75,'Employee Numbers'!$A$3:$C$84,3,FALSE),"NOT FOUND"))*8 -> 0
A76: Paediatric Emergency Registrar | D76: Phoebe Franich | E76: =IFERROR(VLOOKUP(D76,'Employee Numbers'!$A$3:$B$84,2,FALSE),"NOT FOUND") -> 700712 | F76: 1430-0000 | G76: 1430-0000 | H76: 1430-0000 | K76: 1430-0000 | N76: {=((SUM(IFERROR((TEXT(IF(ISNUMBER(SEARCH("-", F76:L76)), MID(F76:L76, SEARCH("-", F76:L76) + 1, 4), ""), "00\:00") - TEXT(IF(ISNUMBER(SEARCH("-", F76:L76)), MID(F76:L76, SEARCH("-", F76:L76) - 4, 4), ""), "00\:00") + IF(TEXT(IF(ISNUMBER(SEARCH("-", F76:L76)), MID(F76:L76, SEARCH("-", F76:L76) + 1, 4), ""), "00\:00") < TEXT(IF(ISNUMBER(SEARCH("-", F76:L76)), MID(F76:L76, SEARCH("-", F76:L76) - 4, 4), ""), "00\:00"), 1, 0))*24,""))))/9.5} -> 4 | Q76: =P76+O76+N76 -> 4 | R76: =IF(ISNUMBER(SEARCH("trg_5",H168)),5,IF(ISNUMBER(SEARCH("trg_3.75",H168)),3.75,IF(ISNUMBER(SEARCH("trg_2.5",H168)),2.5,IF(ISNUMBER(SEARCH("trg_1.75",H168)),1.75,0)))) -> 5 | S76: =IF($C$4=1,SUM(Q76+INDIRECT("'Week "&($B$3+1)&"'!Q"&(ROW()))),IF($C$4=2,SUM(Q76+INDIRECT("'Week "&($B$3-1)&"'!Q"&(ROW()))))) -> 6 | T76: =(IFERROR(VLOOKUP(D76,'Employee Numbers'!$A$3:$C$84,3,FALSE),"NOT FOUND"))*8 -> 0
A77: Paediatric Emergency Registrar | D77: Marie Papadopulos | E77: =IFERROR(VLOOKUP(D77,'Employee Numbers'!$A$3:$B$84,2,FALSE),"NOT FOUND") -> 700818 | I77: AM | J77: AM | K77: PM | L77: 1430-0000 | N77: {=((SUM(IFERROR((TEXT(IF(ISNUMBER(SEARCH("-", F77:L77)), MID(F77:L77, SEARCH("-", F77:L77) + 1, 4), ""), "00\:00") - TEXT(IF(ISNUMBER(SEARCH("-", F77:L77)), MID(F77:L77, SEARCH("-", F77:L77) - 4, 4), ""), "00\:00") + IF(TEXT(IF(ISNUMBER(SEARCH("-", F77:L77)), MID(F77:L77, SEARCH("-", F77:L77) + 1, 4), ""), "00\:00") < TEXT(IF(ISNUMBER(SEARCH("-", F77:L77)), MID(F77:L77, SEARCH("-", F77:L77) - 4, 4), ""), "00\:00"), 1, 0))*24,""))))/9.5} -> 1 | Q77: =P77+O77+N77 -> 1 | R77: =IF(ISNUMBER(SEARCH("trg_5",H169)),5,IF(ISNUMBER(SEARCH("trg_3.75",H169)),3.75,IF(ISNUMBER(SEARCH("trg_2.5",H169)),2.5,IF(ISNUMBER(SEARCH("trg_1.75",H169)),1.75,0)))) -> 5 | S77: =IF($C$4=1,SUM(Q77+INDIRECT("'Week "&($B$3+1)&"'!Q"&(ROW()))),IF($C$4=2,SUM(Q77+INDIRECT("'Week "&($B$3-1)&"'!Q"&(ROW()))))) -> 5 | T77: =(IFERROR(VLOOKUP(D77,'Employee Numbers'!$A$3:$C$84,3,FALSE),"NOT FOUND"))*8 -> 0
A78: Paediatric Emergency Registrar | D78: Stormie de Groot (0.5) | E78: =IFERROR(VLOOKUP(D78,'Employee Numbers'!$A$3:$B$84,2,FALSE),"NOT FOUND") -> 650101 | K78: Exam | N78: {=((SUM(IFERROR((TEXT(IF(ISNUMBER(SEARCH("-", F78:L78)), MID(F78:L78, SEARCH("-", F78:L78) + 1, 4), ""), "00\:00") - TEXT(IF(ISNUMBER(SEARCH("-", F78:L78)), MID(F78:L78, SEARCH("-", F78:L78) - 4, 4), ""), "00\:00") + IF(TEXT(IF(ISNUMBER(SEARCH("-", F78:L78)), MID(F78:L78, SEARCH("-", F78:L78) + 1, 4), ""), "00\:00") < TEXT(IF(ISNUMBER(SEARCH("-", F78:L78)), MID(F78:L78, SEARCH("-", F78:L78) - 4, 4), ""), "00\:00"), 1, 0))*24,""))))/9.5} -> 0 | P78: 2 | Q78: =P78+O78+N78 -> 2 | R78: =IF(ISNUMBER(SEARCH("trg_5",H170)),5,IF(ISNUMBER(SEARCH("trg_3.75",H170)),3.75,IF(ISNUMBER(SEARCH("trg_2.5",H170)),2.5,IF(ISNUMBER(SEARCH("trg_1.75",H170)),1.75,0)))) -> 2.5 | S78: =IF($C$4=1,SUM(Q78+INDIRECT("'Week "&($B$3+1)&"'!Q"&(ROW()))),IF($C$4=2,SUM(Q78+INDIRECT("'Week "&($B$3-1)&"'!Q"&(ROW()))))) -> 4 | T78: =(IFERROR(VLOOKUP(D78,'Employee Numbers'!$A$3:$C$84,3,FALSE),"NOT FOUND"))*8 -> 0
A79: Paediatric Emergency Registrar | D79: Joanne Eaton | E79: =IFERROR(VLOOKUP(D79,'Employee Numbers'!$A$3:$B$84,2,FALSE),"NOT FOUND") -> 654888 | F79: 1430-0000 | G79: 1430-0000 | L79: Exam | N79: {=((SUM(IFERROR((TEXT(IF(ISNUMBER(SEARCH("-", F79:L79)), MID(F79:L79, SEARCH("-", F79:L79) + 1, 4), ""), "00\:00") - TEXT(IF(ISNUMBER(SEARCH("-", F79:L79)), MID(F79:L79, SEARCH("-", F79:L79) - 4, 4), ""), "00\:00") + IF(TEXT(IF(ISNUMBER(SEARCH("-", F79:L79)), MID(F79:L79, SEARCH("-", F79:L79) + 1, 4), ""), "00\:00") < TEXT(IF(ISNUMBER(SEARCH("-", F79:L79)), MID(F79:L79, SEARCH("-", F79:L79) - 4, 4), ""), "00\:00"), 1, 0))*24,""))))/9.5} -> 2 | P79: 2 | Q79: =P79+O79+N79 -> 4 | R79: =IF(ISNUMBER(SEARCH("trg_5",H171)),5,IF(ISNUMBER(SEARCH("trg_3.75",H171)),3.75,IF(ISNUMBER(SEARCH("trg_2.5",H171)),2.5,IF(ISNUMBER(SEARCH("trg_1.75",H171)),1.75,0)))) -> 5 | S79: =IF($C$4=1,SUM(Q79+INDIRECT("'Week "&($B$3+1)&"'!Q"&(ROW()))),IF($C$4=2,SUM(Q79+INDIRECT("'Week "&($B$3-1)&"'!Q"&(ROW()))))) -> 8 | T79: =(IFERROR(VLOOKUP(D79,'Employee Numbers'!$A$3:$C$84,3,FALSE),"NOT FOUND"))*8 -> 0
A80: Paediatric Emergency Registrar | D80: Helena Li | E80: =IFERROR(VLOOKUP(D80,'Employee Numbers'!$A$3:$B$84,2,FALSE),"NOT FOUND") -> 703880 | G80: 0800-1730 | H80: 1430-0000 | L80: Exam | N80: {=((SUM(IFERROR((TEXT(IF(ISNUMBER(SEARCH("-", F80:L80)), MID(F80:L80, SEARCH("-", F80:L80) + 1, 4), ""), "00\:00") - TEXT(IF(ISNUMBER(SEARCH("-", F80:L80)), MID(F80:L80, SEARCH("-", F80:L80) - 4, 4), ""), "00\:00") + IF(TEXT(IF(ISNUMBER(SEARCH("-", F80:L80)), MID(F80:L80, SEARCH("-", F80:L80) + 1, 4), ""), "00\:00") < TEXT(IF(ISNUMBER(SEARCH("-", F80:L80)), MID(F80:L80, SEARCH("-", F80:L80) - 4, 4), ""), "00\:00"), 1, 0))*24,""))))/9.5} -> 2 | P80: 2 | Q80: =P80+O80+N80 -> 4 | R80: =IF(ISNUMBER(SEARCH("trg_5",H172)),5,IF(ISNUMBER(SEARCH("trg_3.75",H172)),3.75,IF(ISNUMBER(SEARCH("trg_2.5",H172)),2.5,IF(ISNUMBER(SEARCH("trg_1.75",H172)),1.75,0)))) -> 5 | S80: =IF($C$4=1,SUM(Q80+INDIRECT("'Week "&($B$3+1)&"'!Q"&(ROW()))),IF($C$4=2,SUM(Q80+INDIRECT("'Week "&($B$3-1)&"'!Q"&(ROW()))))) -> 8 | T80: =(IFERROR(VLOOKUP(D80,'Employee Numbers'!$A$3:$C$84,3,FALSE),"NOT FOUND"))*8 -> 0
A81: Paediatric Emergency Registrar | D81: Mustafa Ozkul | E81: =IFERROR(VLOOKUP(D81,'Employee Numbers'!$A$3:$B$84,2,FALSE),"NOT FOUND") -> 703334 | F81: 2300-0830 | G81: 2300-0830 | H81: 2300-0830 | I81: 2300-0830 | N81: {=((SUM(IFERROR((TEXT(IF(ISNUMBER(SEARCH("-", F81:L81)), MID(F81:L81, SEARCH("-", F81:L81) + 1, 4), ""), "00\:00") - TEXT(IF(ISNUMBER(SEARCH("-", F81:L81)), MID(F81:L81, SEARCH("-", F81:L81) - 4, 4), ""), "00\:00") + IF(TEXT(IF(ISNUMBER(SEARCH("-", F81:L81)), MID(F81:L81, SEARCH("-", F81:L81) + 1, 4), ""), "00\:00") < TEXT(IF(ISNUMBER(SEARCH("-", F81:L81)), MID(F81:L81, SEARCH("-", F81:L81) - 4, 4), ""), "00\:00"), 1, 0))*24,""))))/9.5} -> 4 | Q81: =P81+O81+N81 -> 4 | R81: =IF(ISNUMBER(SEARCH("trg_5",H173)),5,IF(ISNUMBER(SEARCH("trg_3.75",H173)),3.75,IF(ISNUMBER(SEARCH("trg_2.5",H173)),2.5,IF(ISNUMBER(SEARCH("trg_1.75",H173)),1.75,0)))) -> 5 | S81: =IF($C$4=1,SUM(Q81+INDIRECT("'Week "&($B$3+1)&"'!Q"&(ROW()))),IF($C$4=2,SUM(Q81+INDIRECT("'Week "&($B$3-1)&"'!Q"&(ROW()))))) -> 8 | T81: =(IFERROR(VLOOKUP(D81,'Employee Numbers'!$A$3:$C$84,3,FALSE),"NOT FOUND"))*8 -> 0
A82: Paediatric Emergency Registrar | D82: Ritu Chaurasia (0.75) | E82: =IFERROR(VLOOKUP(D82,'Employee Numbers'!$A$3:$B$84,2,FALSE),"NOT FOUND") -> 700538 | F82: 1430-0000 | G82: 1430-0000 | I82: 1430-0000 | L82: 0800-1730 | N82: {=((SUM(IFERROR((TEXT(IF(ISNUMBER(SEARCH("-", F82:L82)), MID(F82:L82, SEARCH("-", F82:L82) + 1, 4), ""), "00\:00") - TEXT(IF(ISNUMBER(SEARCH("-", F82:L82)), MID(F82:L82, SEARCH("-", F82:L82) - 4, 4), ""), "00\:00") + IF(TEXT(IF(ISNUMBER(SEARCH("-", F82:L82)), MID(F82:L82, SEARCH("-", F82:L82) + 1, 4), ""), "00\:00") < TEXT(IF(ISNUMBER(SEARCH("-", F82:L82)), MID(F82:L82, SEARCH("-", F82:L82) - 4, 4), ""), "00\:00"), 1, 0))*24,""))))/9.5} -> 4 | Q82: =P82+O82+N82 -> 4 | R82: =IF(ISNUMBER(SEARCH("trg_5",H174)),5,IF(ISNUMBER(SEARCH("trg_3.75",H174)),3.75,IF(ISNUMBER(SEARCH("trg_2.5",H174)),2.5,IF(ISNUMBER(SEARCH("trg_1.75",H174)),1.75,0)))) -> 3.75 | S82: =IF($C$4=1,SUM(Q82+INDIRECT("'Week "&($B$3+1)&"'!Q"&(ROW()))),IF($C$4=2,SUM(Q82+INDIRECT("'Week "&($B$3-1)&"'!Q"&(ROW()))))) -> 7 | T82: =(IFERROR(VLOOKUP(D82,'Employee Numbers'!$A$3:$C$84,3,FALSE),"NOT FOUND"))*8 -> 0
A83: Paediatric Emergency Registrar | D83: Jamie Nicholls (0.5) | E83: =IFERROR(VLOOKUP(D83,'Employee Numbers'!$A$3:$B$84,2,FALSE),"NOT FOUND") -> 704862 | I83: 2300-0830 | J83: 2300-0830 | K83: 2300-0830 | L83: 2300-0830 | N83: {=((SUM(IFERROR((TEXT(IF(ISNUMBER(SEARCH("-", F83:L83)), MID(F83:L83, SEARCH("-", F83:L83) + 1, 4), ""), "00\:00") - TEXT(IF(ISNUMBER(SEARCH("-", F83:L83)), MID(F83:L83, SEARCH("-", F83:L83) - 4, 4), ""), "00\:00") + IF(TEXT(IF(ISNUMBER(SEARCH("-", F83:L83)), MID(F83:L83, SEARCH("-", F83:L83) + 1, 4), ""), "00\:00") < TEXT(IF(ISNUMBER(SEARCH("-", F83:L83)), MID(F83:L83, SEARCH("-", F83:L83) - 4, 4), ""), "00\:00"), 1, 0))*24,""))))/9.5} -> 4 | Q83: =P83+O83+N83 -> 4 | R83: =IF(ISNUMBER(SEARCH("trg_5",H175)),5,IF(ISNUMBER(SEARCH("trg_3.75",H175)),3.75,IF(ISNUMBER(SEARCH("trg_2.5",H175)),2.5,IF(ISNUMBER(SEARCH("trg_1.75",H175)),1.75,0)))) -> 2.5 | S83: =IF($C$4=1,SUM(Q83+INDIRECT("'Week "&($B$3+1)&"'!Q"&(ROW()))),IF($C$4=2,SUM(Q83+INDIRECT("'Week "&($B$3-1)&"'!Q"&(ROW()))))) -> 4 | T83: =(IFERROR(VLOOKUP(D83,'Employee Numbers'!$A$3:$C$84,3,FALSE),"NOT FOUND"))*8 -> 0
A84: Paediatric Emergency Registrar | E84: =IFERROR(VLOOKUP(D84,'Employee Numbers'!$A$3:$B$84,2,FALSE),"NOT FOUND") -> NOT FOUND | N84: {=((SUM(IFERROR((TEXT(IF(ISNUMBER(SEARCH("-", F84:L84)), MID(F84:L84, SEARCH("-", F84:L84) + 1, 4), ""), "00\:00") - TEXT(IF(ISNUMBER(SEARCH("-", F84:L84)), MID(F84:L84, SEARCH("-", F84:L84) - 4, 4), ""), "00\:00") + IF(TEXT(IF(ISNUMBER(SEARCH("-", F84:L84)), MID(F84:L84, SEARCH("-", F84:L84) + 1, 4), ""), "00\:00") < TEXT(IF(ISNUMBER(SEARCH("-", F84:L84)), MID(F84:L84, SEARCH("-", F84:L84) - 4, 4), ""), "00\:00"), 1, 0))*24,""))))/9.5} -> 0 | Q84: =P84+O84+N84 -> 0 | R84: =IF(ISNUMBER(SEARCH("trg_5",H176)),5,IF(ISNUMBER(SEARCH("trg_3.75",H176)),3.75,IF(ISNUMBER(SEARCH("trg_2.5",H176)),2.5,IF(ISNUMBER(SEARCH("trg_1.75",H176)),1.75,0)))) -> 5 | S84: =IF($C$4=1,SUM(Q84+INDIRECT("'Week "&($B$3+1)&"'!Q"&(ROW()))),IF($C$4=2,SUM(Q84+INDIRECT("'Week "&($B$3-1)&"'!Q"&(ROW()))))) -> 1 | T84: =(IFERROR(VLOOKUP(D84,'Employee Numbers'!$A$3:$C$84,3,FALSE),"NOT FOUND"))*8 -> #VALUE!
A85: HMO | D85: HMO | E85: Emp No | F85: Monday | G85: Tuesday | H85: Wednesday | I85: Thursday | J85: Friday | K85: Saturday | L85: Sunday
A86: Paediatric Emergency HMO | D86: Firas Hamdan | E86: =IFERROR(VLOOKUP(D86,'Employee Numbers'!$A$3:$B$84,2,FALSE),"NOT FOUND") -> 703066 | F86: 1430-0000 | H86: AL | N86: {=((SUM(IFERROR((TEXT(IF(ISNUMBER(SEARCH("-", F86:L86)), MID(F86:L86, SEARCH("-", F86:L86) + 1, 4), ""), "00\:00") - TEXT(IF(ISNUMBER(SEARCH("-", F86:L86)), MID(F86:L86, SEARCH("-", F86:L86) - 4, 4), ""), "00\:00") + IF(TEXT(IF(ISNUMBER(SEARCH("-", F86:L86)), MID(F86:L86, SEARCH("-", F86:L86) + 1, 4), ""), "00\:00") < TEXT(IF(ISNUMBER(SEARCH("-", F86:L86)), MID(F86:L86, SEARCH("-", F86:L86) - 4, 4), ""), "00\:00"), 1, 0))*24,""))))/9.5} -> 1 | P86: 3 | Q86: =P86+O86+N86 -> 4 | S86: =IF($C$4=1,SUM(Q86+INDIRECT("'Week "&($B$3+1)&"'!Q"&(ROW()))),IF($C$4=2,SUM(Q86+INDIRECT("'Week "&($B$3-1)&"'!Q"&(ROW()))))) -> 9 | T86: =(IFERROR(VLOOKUP(D86,'Employee Numbers'!$A$3:$C$84,3,FALSE),"NOT FOUND"))*8 -> #VALUE!
A87: Paediatric Emergency HMO | D87: Nicola Sheppard | E87: =IFERROR(VLOOKUP(D87,'Employee Numbers'!$A$3:$B$84,2,FALSE),"NOT FOUND") -> 648637 | F87: 0800-1730 | G87: 0800-1730 | H87: 0800-1730 | I87: 1430-0000 | L87: 1100-2030 | N87: {=((SUM(IFERROR((TEXT(IF(ISNUMBER(SEARCH("-", F87:L87)), MID(F87:L87, SEARCH("-", F87:L87) + 1, 4), ""), "00\:00") - TEXT(IF(ISNUMBER(SEARCH("-", F87:L87)), MID(F87:L87, SEARCH("-", F87:L87) - 4, 4), ""), "00\:00") + IF(TEXT(IF(ISNUMBER(SEARCH("-", F87:L87)), MID(F87:L87, SEARCH("-", F87:L87) + 1, 4), ""), "00\:00") < TEXT(IF(ISNUMBER(SEARCH("-", F87:L87)), MID(F87:L87, SEARCH("-", F87:L87) - 4, 4), ""), "00\:00"), 1, 0))*24,""))))/9.5} -> 5 | Q87: =P87+O87+N87 -> 5 | S87: =IF($C$4=1,SUM(Q87+INDIRECT("'Week "&($B$3+1)&"'!Q"&(ROW()))),IF($C$4=2,SUM(Q87+INDIRECT("'Week "&($B$3-1)&"'!Q"&(ROW()))))) -> 8 | T87: =(IFERROR(VLOOKUP(D87,'Employee Numbers'!$A$3:$C$84,3,FALSE),"NOT FOUND"))*8 -> #VALUE!
A88: Paediatric Emergency HMO | D88: Ashwin Anand | E88: =IFERROR(VLOOKUP(D88,'Employee Numbers'!$A$3:$B$84,2,FALSE),"NOT FOUND") -> 703161 | I88: 0800-1730 | L88: 0800-1730 | N88: {=((SUM(IFERROR((TEXT(IF(ISNUMBER(SEARCH("-", F88:L88)), MID(F88:L88, SEARCH("-", F88:L88) + 1, 4), ""), "00\:00") - TEXT(IF(ISNUMBER(SEARCH("-", F88:L88)), MID(F88:L88, SEARCH("-", F88:L88) - 4, 4), ""), "00\:00") + IF(TEXT(IF(ISNUMBER(SEARCH("-", F88:L88)), MID(F88:L88, SEARCH("-", F88:L88) + 1, 4), ""), "00\:00") < TEXT(IF(ISNUMBER(SEARCH("-", F88:L88)), MID(F88:L88, SEARCH("-", F88:L88) - 4, 4), ""), "00\:00"), 1, 0))*24,""))))/9.5} -> 2 | Q88: =P88+O88+N88 -> 2 | S88: =IF($C$4=1,SUM(Q88+INDIRECT("'Week "&($B$3+1)&"'!Q"&(ROW()))),IF($C$4=2,SUM(Q88+INDIRECT("'Week "&($B$3-1)&"'!Q"&(ROW()))))) -> 5 | T88: =(IFERROR(VLOOKUP(D88,'Employee Numbers'!$A$3:$C$84,3,FALSE),"NOT FOUND"))*8 -> #VALUE!
A89: Paediatric Emergency HMO | D89: Yvonne Lynn Wun Zhang | E89: =IFERROR(VLOOKUP(D89,'Employee Numbers'!$A$3:$B$84,2,FALSE),"NOT FOUND") -> 655179 | F89: 1430-0000 | G89: 2300-0830 | H89: 2300-0830 | I89: 2300-0830 | N89: {=((SUM(IFERROR((TEXT(IF(ISNUMBER(SEARCH("-", F89:L89)), MID(F89:L89, SEARCH("-", F89:L89) + 1, 4), ""), "00\:00") - TEXT(IF(ISNUMBER(SEARCH("-", F89:L89)), MID(F89:L89, SEARCH("-", F89:L89) - 4, 4), ""), "00\:00") + IF(TEXT(IF(ISNUMBER(SEARCH("-", F89:L89)), MID(F89:L89, SEARCH("-", F89:L89) + 1, 4), ""), "00\:00") < TEXT(IF(ISNUMBER(SEARCH("-", F89:L89)), MID(F89:L89, SEARCH("-", F89:L89) - 4, 4), ""), "00\:00"), 1, 0))*24,""))))/9.5} -> 4 | Q89: =P89+O89+N89 -> 4 | S89: =IF($C$4=1,SUM(Q89+INDIRECT("'Week "&($B$3+1)&"'!Q"&(ROW()))),IF($C$4=2,SUM(Q89+INDIRECT("'Week "&($B$3-1)&"'!Q"&(ROW()))))) -> 8 | T89: =(IFERROR(VLOOKUP(D89,'Employee Numbers'!$A$3:$C$84,3,FALSE),"NOT FOUND"))*8 -> #VALUE!
A90: Paediatric Emergency HMO | D90: Mehro Mashhadi | E90: =IFERROR(VLOOKUP(D90,'Employee Numbers'!$A$3:$B$84,2,FALSE),"NOT FOUND") -> 700812 | F90: 0800-1730 | H90: 0800-1730 | I90: 0800-1730 | J90: 1430-0000 | N90: {=((SUM(IFERROR((TEXT(IF(ISNUMBER(SEARCH("-", F90:L90)), MID(F90:L90, SEARCH("-", F90:L90) + 1, 4), ""), "00\:00") - TEXT(IF(ISNUMBER(SEARCH("-", F90:L90)), MID(F90:L90, SEARCH("-", F90:L90) - 4, 4), ""), "00\:00") + IF(TEXT(IF(ISNUMBER(SEARCH("-", F90:L90)), MID(F90:L90, SEARCH("-", F90:L90) + 1, 4), ""), "00\:00") < TEXT(IF(ISNUMBER(SEARCH("-", F90:L90)), MID(F90:L90, SEARCH("-", F90:L90) - 4, 4), ""), "00\:00"), 1, 0))*24,""))))/9.5} -> 4 | Q90: =P90+O90+N90 -> 4 | S90: =IF($C$4=1,SUM(Q90+INDIRECT("'Week "&($B$3+1)&"'!Q"&(ROW()))),IF($C$4=2,SUM(Q90+INDIRECT("'Week "&($B$3-1)&"'!Q"&(ROW()))))) -> 8 | T90: =(IFERROR(VLOOKUP(D90,'Employee Numbers'!$A$3:$C$84,3,FALSE),"NOT FOUND"))*8 -> #VALUE!
A91: Paediatric Emergency HMO | D91: Orlaith O'Donovan | E91: =IFERROR(VLOOKUP(D91,'Employee Numbers'!$A$3:$B$84,2,FALSE),"NOT FOUND") -> 703157 | F91: 2300-0830 | G91: 2300-0830 | H91: 2300-0830 | I91: 2300-0830 | N91: {=((SUM(IFERROR((TEXT(IF(ISNUMBER(SEARCH("-", F91:L91)), MID(F91:L91, SEARCH("-", F91:L91) + 1, 4), ""), "00\:00") - TEXT(IF(ISNUMBER(SEARCH("-", F91:L91)), MID(F91:L91, SEARCH("-", F91:L91) - 4, 4), ""), "00\:00") + IF(TEXT(IF(ISNUMBER(SEARCH("-", F91:L91)), MID(F91:L91, SEARCH("-", F91:L91) + 1, 4), ""), "00\:00") < TEXT(IF(ISNUMBER(SEARCH("-", F91:L91)), MID(F91:L91, SEARCH("-", F91:L91) - 4, 4), ""), "00\:00"), 1, 0))*24,""))))/9.5} -> 4 | Q91: =P91+O91+N91 -> 4 | S91: =IF($C$4=1,SUM(Q91+INDIRECT("'Week "&($B$3+1)&"'!Q"&(ROW()))),IF($C$4=2,SUM(Q91+INDIRECT("'Week "&($B$3-1)&"'!Q"&(ROW()))))) -> 8 | T91: =(IFERROR(VLOOKUP(D91,'Employee Numbers'!$A$3:$C$84,3,FALSE),"NOT FOUND"))*8 -> #VALUE!
A92: Paediatric Emergency HMO | D92: Wenqian Li | E92: =IFERROR(VLOOKUP(D92,'Employee Numbers'!$A$3:$B$84,2,FALSE),"NOT FOUND") -> 655173 | F92: 1430-0000 | J92: 2300-0830 | K92: 2300-0830 | L92: 2300-0830 | N92: {=((SUM(IFERROR((TEXT(IF(ISNUMBER(SEARCH("-", F92:L92)), MID(F92:L92, SEARCH("-", F92:L92) + 1, 4), ""), "00\:00") - TEXT(IF(ISNUMBER(SEARCH("-", F92:L92)), MID(F92:L92, SEARCH("-", F92:L92) - 4, 4), ""), "00\:00") + IF(TEXT(IF(ISNUMBER(SEARCH("-", F92:L92)), MID(F92:L92, SEARCH("-", F92:L92) + 1, 4), ""), "00\:00") < TEXT(IF(ISNUMBER(SEARCH("-", F92:L92)), MID(F92:L92, SEARCH("-", F92:L92) - 4, 4), ""), "00\:00"), 1, 0))*24,""))))/9.5} -> 4 | Q92: =P92+O92+N92 -> 4 | S92: =IF($C$4=1,SUM(Q92+INDIRECT("'Week "&($B$3+1)&"'!Q"&(ROW()))),IF($C$4=2,SUM(Q92+INDIRECT("'Week "&($B$3-1)&"'!Q"&(ROW()))))) -> 8 | T92: =(IFERROR(VLOOKUP(D92,'Employee Numbers'!$A$3:$C$84,3,FALSE),"NOT FOUND"))*8 -> #VALUE!
A93: Paediatric Emergency HMO | D93: Angela Yan | E93: =IFERROR(VLOOKUP(D93,'Employee Numbers'!$A$3:$B$84,2,FALSE),"NOT FOUND") -> 705273 | G93: 1430-0000 | H93: 1430-0000 | K93: 1430-0000 | L93: 1430-0000 | N93: {=((SUM(IFERROR((TEXT(IF(ISNUMBER(SEARCH("-", F93:L93)), MID(F93:L93, SEARCH("-", F93:L93) + 1, 4), ""), "00\:00") - TEXT(IF(ISNUMBER(SEARCH("-", F93:L93)), MID(F93:L93, SEARCH("-", F93:L93) - 4, 4), ""), "00\:00") + IF(TEXT(IF(ISNUMBER(SEARCH("-", F93:L93)), MID(F93:L93, SEARCH("-", F93:L93) + 1, 4), ""), "00\:00") < TEXT(IF(ISNUMBER(SEARCH("-", F93:L93)), MID(F93:L93, SEARCH("-", F93:L93) - 4, 4), ""), "00\:00"), 1, 0))*24,""))))/9.5} -> 4 | Q93: =P93+O93+N93 -> 4 | S93: =IF($C$4=1,SUM(Q93+INDIRECT("'Week "&($B$3+1)&"'!Q"&(ROW()))),IF($C$4=2,SUM(Q93+INDIRECT("'Week "&($B$3-1)&"'!Q"&(ROW()))))) -> 8 | T93: =(IFERROR(VLOOKUP(D93,'Employee Numbers'!$A$3:$C$84,3,FALSE),"NOT FOUND"))*8 -> #VALUE!
A94: Paediatric Emergency HMO | D94: Ashlea Coxhill | E94: =IFERROR(VLOOKUP(D94,'Employee Numbers'!$A$3:$B$84,2,FALSE),"NOT FOUND") -> 703418 | F94: 2300-0830 | J94: 0800-1730 | K94: 0800-1730 | L94: 0800-1730 | N94: {=((SUM(IFERROR((TEXT(IF(ISNUMBER(SEARCH("-", F94:L94)), MID(F94:L94, SEARCH("-", F94:L94) + 1, 4), ""), "00\:00") - TEXT(IF(ISNUMBER(SEARCH("-", F94:L94)), MID(F94:L94, SEARCH("-", F94:L94) - 4, 4), ""), "00\:00") + IF(TEXT(IF(ISNUMBER(SEARCH("-", F94:L94)), MID(F94:L94, SEARCH("-", F94:L94) + 1, 4), ""), "00\:00") < TEXT(IF(ISNUMBER(SEARCH("-", F94:L94)), MID(F94:L94, SEARCH("-", F94:L94) - 4, 4), ""), "00\:00"), 1, 0))*24,""))))/9.5} -> 4 | Q94: =P94+O94+N94 -> 4 | S94: =IF($C$4=1,SUM(Q94+INDIRECT("'Week "&($B$3+1)&"'!Q"&(ROW()))),IF($C$4=2,SUM(Q94+INDIRECT("'Week "&($B$3-1)&"'!Q"&(ROW()))))) -> 8 | T94: =(IFERROR(VLOOKUP(D94,'Employee Numbers'!$A$3:$C$84,3,FALSE),"NOT FOUND"))*8 -> #VALUE!
A95: Paediatric Emergency HMO | D95: Phillip Romo | E95: =IFERROR(VLOOKUP(D95,'Employee Numbers'!$A$3:$B$84,2,FALSE),"NOT FOUND") -> 704108 | N95: {=((SUM(IFERROR((TEXT(IF(ISNUMBER(SEARCH("-", F95:L95)), MID(F95:L95, SEARCH("-", F95:L95) + 1, 4), ""), "00\:00") - TEXT(IF(ISNUMBER(SEARCH("-", F95:L95)), MID(F95:L95, SEARCH("-", F95:L95) - 4, 4), ""), "00\:00") + IF(TEXT(IF(ISNUMBER(SEARCH("-", F95:L95)), MID(F95:L95, SEARCH("-", F95:L95) + 1, 4), ""), "00\:00") < TEXT(IF(ISNUMBER(SEARCH("-", F95:L95)), MID(F95:L95, SEARCH("-", F95:L95) - 4, 4), ""), "00\:00"), 1, 0))*24,""))))/9.5} -> 0 | Q95: =P95+O95+N95 -> 0 | S95: =IF($C$4=1,SUM(Q95+INDIRECT("'Week "&($B$3+1)&"'!Q"&(ROW()))),IF($C$4=2,SUM(Q95+INDIRECT("'Week "&($B$3-1)&"'!Q"&(ROW()))))) -> 0 | T95: =(IFERROR(VLOOKUP(D95,'Employee Numbers'!$A$3:$C$84,3,FALSE),"NOT FOUND"))*8 -> #VALUE!
A96: Paediatric Emergency HMO | D96: Houshmand Refaei | E96: =IFERROR(VLOOKUP(D96,'Employee Numbers'!$A$3:$B$84,2,FALSE),"NOT FOUND") -> 651515 | N96: {=((SUM(IFERROR((TEXT(IF(ISNUMBER(SEARCH("-", F96:L96)), MID(F96:L96, SEARCH("-", F96:L96) + 1, 4), ""), "00\:00") - TEXT(IF(ISNUMBER(SEARCH("-", F96:L96)), MID(F96:L96, SEARCH("-", F96:L96) - 4, 4), ""), "00\:00") + IF(TEXT(IF(ISNUMBER(SEARCH("-", F96:L96)), MID(F96:L96, SEARCH("-", F96:L96) + 1, 4), ""), "00\:00") < TEXT(IF(ISNUMBER(SEARCH("-", F96:L96)), MID(F96:L96, SEARCH("-", F96:L96) - 4, 4), ""), "00\:00"), 1, 0))*24,""))))/9.5} -> 0 | Q96: =P96+O96+N96 -> 0 | S96: =IF($C$4=1,SUM(Q96+INDIRECT("'Week "&($B$3+1)&"'!Q"&(ROW()))),IF($C$4=2,SUM(Q96+INDIRECT("'Week "&($B$3-1)&"'!Q"&(ROW()))))) -> 0 | T96: =(IFERROR(VLOOKUP(D96,'Employee Numbers'!$A$3:$C$84,3,FALSE),"NOT FOUND"))*8 -> #VALUE!
A97: Paediatric Emergency HMO | D97: Pavani Wijesuriya | E97: =IFERROR(VLOOKUP(D97,'Employee Numbers'!$A$3:$B$84,2,FALSE),"NOT FOUND") -> 705199 | F97: 0800-1730 | G97: 0800-1730 | H97: 0800-1730 | I97: 1430-0000 | N97: {=((SUM(IFERROR((TEXT(IF(ISNUMBER(SEARCH("-", F97:L97)), MID(F97:L97, SEARCH("-", F97:L97) + 1, 4), ""), "00\:00") - TEXT(IF(ISNUMBER(SEARCH("-", F97:L97)), MID(F97:L97, SEARCH("-", F97:L97) - 4, 4), ""), "00\:00") + IF(TEXT(IF(ISNUMBER(SEARCH("-", F97:L97)), MID(F97:L97, SEARCH("-", F97:L97) + 1, 4), ""), "00\:00") < TEXT(IF(ISNUMBER(SEARCH("-", F97:L97)), MID(F97:L97, SEARCH("-", F97:L97) - 4, 4), ""), "00\:00"), 1, 0))*24,""))))/9.5} -> 4 | Q97: =P97+O97+N97 -> 4 | S97: =IF($C$4=1,SUM(Q97+INDIRECT("'Week "&($B$3+1)&"'!Q"&(ROW()))),IF($C$4=2,SUM(Q97+INDIRECT("'Week "&($B$3-1)&"'!Q"&(ROW()))))) -> 8 | T97: =(IFERROR(VLOOKUP(D97,'Employee Numbers'!$A$3:$C$84,3,FALSE),"NOT FOUND"))*8 -> #VALUE!
A98: Paediatric Emergency HMO | D98: Sanna Wei | E98: =IFERROR(VLOOKUP(D98,'Employee Numbers'!$A$3:$B$84,2,FALSE),"NOT FOUND") -> NOT FOUND | J98: 0800-1730 | K98: 0800-1730 | N98: {=((SUM(IFERROR((TEXT(IF(ISNUMBER(SEARCH("-", F98:L98)), MID(F98:L98, SEARCH("-", F98:L98) + 1, 4), ""), "00\:00") - TEXT(IF(ISNUMBER(SEARCH("-", F98:L98)), MID(F98:L98, SEARCH("-", F98:L98) - 4, 4), ""), "00\:00") + IF(TEXT(IF(ISNUMBER(SEARCH("-", F98:L98)), MID(F98:L98, SEARCH("-", F98:L98) + 1, 4), ""), "00\:00") < TEXT(IF(ISNUMBER(SEARCH("-", F98:L98)), MID(F98:L98, SEARCH("-", F98:L98) - 4, 4), ""), "00\:00"), 1, 0))*24,""))))/9.5} -> 2 | Q98: =P98+O98+N98 -> 2 | S98: =IF($C$4=1,SUM(Q98+INDIRECT("'Week "&($B$3+1)&"'!Q"&(ROW()))),IF($C$4=2,SUM(Q98+INDIRECT("'Week "&($B$3-1)&"'!Q"&(ROW()))))) -> 2 | T98: =(IFERROR(VLOOKUP(D98,'Employee Numbers'!$A$3:$C$84,3,FALSE),"NOT FOUND"))*8 -> #VALUE!
A99: Paediatric Emergency HMO | E99: =IFERROR(VLOOKUP(D99,'Employee Numbers'!$A$3:$B$84,2,FALSE),"NOT FOUND") -> NOT FOUND | N99: {=((SUM(IFERROR((TEXT(IF(ISNUMBER(SEARCH("-", F99:L99)), MID(F99:L99, SEARCH("-", F99:L99) + 1, 4), ""), "00\:00") - TEXT(IF(ISNUMBER(SEARCH("-", F99:L99)), MID(F99:L99, SEARCH("-", F99:L99) - 4, 4), ""), "00\:00") + IF(TEXT(IF(ISNUMBER(SEARCH("-", F99:L99)), MID(F99:L99, SEARCH("-", F99:L99) + 1, 4), ""), "00\:00") < TEXT(IF(ISNUMBER(SEARCH("-", F99:L99)), MID(F99:L99, SEARCH("-", F99:L99) - 4, 4), ""), "00\:00"), 1, 0))*24,""))))/9.5} -> 0 | Q99: =P99+O99+N99 -> 0 | S99: =IF($C$4=1,SUM(Q99+INDIRECT("'Week "&($B$3+1)&"'!Q"&(ROW()))),IF($C$4=2,SUM(Q99+INDIRECT("'Week "&($B$3-1)&"'!Q"&(ROW()))))) -> 0 | T99: =(IFERROR(VLOOKUP(D99,'Employee Numbers'!$A$3:$C$84,3,FALSE),"NOT FOUND"))*8 -> #VALUE!
A100: Intern | D100: Intern | E100: Emp No | F100: Monday | G100: Tuesday | H100: Wednesday | I100: Thursday | J100: Friday | K100: Saturday | L100: Sunday
A101: Paediatric Emergency Intern | D101: Nanditha Hareesh | E101: =IFERROR(VLOOKUP(D101,'Employee Numbers'!$A$3:$B$84,2,FALSE),"NOT FOUND") -> 641345 | H101: 0800-1730 | I101: 1230-2200 | K101: 0800-1730 | L101: 0800-1730 | N101: {=((SUM(IFERROR((TEXT(IF(ISNUMBER(SEARCH("-", F101:L101)), MID(F101:L101, SEARCH("-", F101:L101) + 1, 4), ""), "00\:00") - TEXT(IF(ISNUMBER(SEARCH("-", F101:L101)), MID(F101:L101, SEARCH("-", F101:L101) - 4, 4), ""), "00\:00") + IF(TEXT(IF(ISNUMBER(SEARCH("-", F101:L101)), MID(F101:L101, SEARCH("-", F101:L101) + 1, 4), ""), "00\:00") < TEXT(IF(ISNUMBER(SEARCH("-", F101:L101)), MID(F101:L101, SEARCH("-", F101:L101) - 4, 4), ""), "00\:00"), 1, 0))*24,""))))/9.5} -> 4 | Q101: =P101+O101+N101 -> 4 | S101: =IF($C$4=1,SUM(Q101+INDIRECT("'Week "&($B$3+1)&"'!Q"&(ROW()))),IF($C$4=2,SUM(Q101+INDIRECT("'Week "&($B$3-1)&"'!Q"&(ROW()))))) -> 8 | T101: =(IFERROR(VLOOKUP(D101,'Employee Numbers'!$A$3:$C$84,3,FALSE),"NOT FOUND"))*8 -> 0
A102: Paediatric Emergency Intern | D102: Peter Ahn | E102: =IFERROR(VLOOKUP(D102,'Employee Numbers'!$A$3:$B$84,2,FALSE),"NOT FOUND") -> 703521 | F102: 0800-1730 | G102: 0800-1730 | I102: 0800-1730 | J102: 0800-1730 | N102: {=((SUM(IFERROR((TEXT(IF(ISNUMBER(SEARCH("-", F102:L102)), MID(F102:L102, SEARCH("-", F102:L102) + 1, 4), ""), "00\:00") - TEXT(IF(ISNUMBER(SEARCH("-", F102:L102)), MID(F102:L102, SEARCH("-", F102:L102) - 4, 4), ""), "00\:00") + IF(TEXT(IF(ISNUMBER(SEARCH("-", F102:L102)), MID(F102:L102, SEARCH("-", F102:L102) + 1, 4), ""), "00\:00") < TEXT(IF(ISNUMBER(SEARCH("-", F102:L102)), MID(F102:L102, SEARCH("-", F102:L102) - 4, 4), ""), "00\:00"), 1, 0))*24,""))))/9.5} -> 4 | Q102: =P102+O102+N102 -> 4 | S102: =IF($C$4=1,SUM(Q102+INDIRECT("'Week "&($B$3+1)&"'!Q"&(ROW()))),IF($C$4=2,SUM(Q102+INDIRECT("'Week "&($B$3-1)&"'!Q"&(ROW()))))) -> 8 | T102: =(IFERROR(VLOOKUP(D102,'Employee Numbers'!$A$3:$C$84,3,FALSE),"NOT FOUND"))*8 -> 0
A103: Medical Student | D103: Medical Student
E104: N/A
...

Sheet Week 3
A1: Role (uploaded) | B1: Pager No (uploaded) | C1: Cost Centre (Not Used) | D1: Name (Not Used) | E1: Emp No | F1: Monday | G1: Tuesday | H1: Wednesday | I1: Thursday | J1: Friday | K1: Saturday | L1: Sunday | M1: ONCALL Workrule Code
A2: Date | F2: ='Week 2'!F2+7 -> 46160 | G2: =F2+1 -> 46161 | H2: =G2+1 -> 46162 | I2: =H2+1 -> 46163 | J2: =I2+1 -> 46164 | K2: =J2+1 -> 46165 | L2: =K2+1 -> 46166
A3: Week | B3: =1+(F2-'Week 1'!F2)/7 -> 3
A4: PAY PERIOD WEEK | C4: =IF(INDIRECT("'Week "&(B3-1)&"'!C4")=1,2,IF(INDIRECT("'Week "&(B3-1)&"'!C4")=2,1,_xludf.NA)) -> 1 | D4: ='Week 1'!D4:L4 -> PAEDIATRIC EMERGENCY DEPARTMENT ROSTER - Term 2 2026
D6: AM SMS | F6: =COUNTIF(F$21:F$49,"0800-1???")-COUNTIFS(F$48,"0800-1???",$D$48,"Locum")-COUNTIFS(F$49,"0800-1???",$D$49,"Locum") -> 3 | G6: =COUNTIF(G$21:G$49,"0800-1???")-COUNTIFS(G$48,"0800-1???",$D$48,"Locum")-COUNTIFS(G$49,"0800-1???",$D$49,"Locum") -> 3 | H6: =COUNTIF(H$21:H$49,"0800-1???")-COUNTIFS(H$48,"0800-1???",$D$48,"Locum")-COUNTIFS(H$49,"0800-1???",$D$49,"Locum") -> 3 | I6: =COUNTIF(I$21:I$49,"0800-1???")-COUNTIFS(I$48,"0800-1???",$D$48,"Locum")-COUNTIFS(I$49,"0800-1???",$D$49,"Locum") -> 4 | J6: =COUNTIF(J$21:J$49,"0800-1???")-COUNTIFS(J$48,"0800-1???",$D$48,"Locum")-COUNTIFS(J$49,"0800-1???",$D$49,"Locum") -> 3 | K6: =COUNTIF(K$21:K$49,"0800-1???")-COUNTIFS(K$48,"0800-1???",$D$48,"Locum")-COUNTIFS(K$49,"0800-1???",$D$49,"Locum") -> 2 | L6: =COUNTIF(L$21:L$49,"0800-1???")-COUNTIFS(L$48,"0800-1???",$D$48,"Locum")-COUNTIFS(L$49,"0800-1???",$D$49,"Locum") -> 2
D7: AM JMS | F7: =COUNTIF(F$54:F$102,"0800-1???") -> 5 | G7: =COUNTIF(G$54:G$102,"0800-1???") -> 5 | H7: =COUNTIF(H$54:H$102,"0800-1???") -> 4 | I7: =COUNTIF(I$54:I$102,"0800-1???") -> 5 | J7: =COUNTIF(J$54:J$102,"0800-1???") -> 6 | K7: =COUNTIF(K$54:K$102,"0800-1???") -> 5 | L7: =COUNTIF(L$54:L$102,"0800-1???") -> 5
D8: AM Total | F8: =F6+F7 -> 8 | G8: =G6+G7 -> 8 | H8: =H6+H7 -> 7 | I8: =I6+I7 -> 9 | J8: =J6+J7 -> 9 | K8: =K6+K7 -> 7 | L8: =L6+L7 -> 7
D10: SMS Swing | F10: =COUNTIF(F$21:F$49,"1100-????")-COUNTIFS(F$48,"1100-????",$D$48,"Locum")-COUNTIFS(F$49,"1100-????",$D$49,"Locum") -> 0 | G10: =COUNTIF(G$21:G$49,"1100-????")-COUNTIFS(G$48,"1100-????",$D$48,"Locum")-COUNTIFS(G$49,"1100-????",$D$49,"Locum") -> 0 | H10: =COUNTIF(H$21:H$49,"1100-????")-COUNTIFS(H$48,"1100-????",$D$48,"Locum")-COUNTIFS(H$49,"1100-????",$D$49,"Locum") -> 0 | I10: =COUNTIF(I$21:I$49,"1100-????")-COUNTIFS(I$48,"1100-????",$D$48,"Locum")-COUNTIFS(I$49,"1100-????",$D$49,"Locum") -> 0 | J10: =COUNTIF(J$21:J$49,"1100-????")-COUNTIFS(J$48,"1100-????",$D$48,"Locum")-COUNTIFS(J$49,"1100-????",$D$49,"Locum") -> 0 | K10: =COUNTIF(K$21:K$49,"1100-????")-COUNTIFS(K$48,"1100-????",$D$48,"Locum")-COUNTIFS(K$49,"1100-????",$D$49,"Locum") -> 0 | L10: =COUNTIF(L$21:L$49,"1100-????")-COUNTIFS(L$48,"1100-????",$D$48,"Locum")-COUNTIFS(L$49,"1100-????",$D$49,"Locum") -> 0
D11: JMS Swing | F11: =COUNTIF(F$54:F$102,"1100-????") -> 0 | G11: =COUNTIF(G$54:G$102,"1100-????") -> 0 | H11: =COUNTIF(H$54:H$102,"1100-????") -> 1 | I11: =COUNTIF(I$54:I$102,"1100-????") -> 0 | J11: =COUNTIF(J$54:J$102,"1100-????") -> 0 | K11: =COUNTIF(K$54:K$102,"1100-????") -> 0 | L11: =COUNTIF(L$54:L$102,"1100-????") -> 0
D12: PM SMS | F12: =COUNTIF(F$21:F$49,"1???-00?0")-COUNTIFS(F$48,"1???-00?0",$D$48,"Locum")-COUNTIFS(F$49,"1???-00?0",$D$49,"Locum") -> 3 | G12: =COUNTIF(G$21:G$49,"1???-00?0")-COUNTIFS(G$48,"1???-00?0",$D$48,"Locum")-COUNTIFS(G$49,"1???-00?0",$D$49,"Locum") -> 3 | H12: =COUNTIF(H$21:H$49,"1???-00?0")-COUNTIFS(H$48,"1???-00?0",$D$48,"Locum")-COUNTIFS(H$49,"1???-00?0",$D$49,"Locum") -> 3 | I12: =COUNTIF(I$21:I$49,"1???-00?0")-COUNTIFS(I$48,"1???-00?0",$D$48,"Locum")-COUNTIFS(I$49,"1???-00?0",$D$49,"Locum") -> 2 | J12: =COUNTIF(J$21:J$49,"1???-00?0")-COUNTIFS(J$48,"1???-00?0",$D$48,"Locum")-COUNTIFS(J$49,"1???-00?0",$D$49,"Locum") -> 2 | K12: =COUNTIF(K$21:K$49,"1???-00?0")-COUNTIFS(K$48,"1???-00?0",$D$48,"Locum")-COUNTIFS(K$49,"1???-00?0",$D$49,"Locum") -> 2 | L12: =COUNTIF(L$21:L$49,"1???-00?0")-COUNTIFS(L$48,"1???-00?0",$D$48,"Locum")-COUNTIFS(L$49,"1???-00?0",$D$49,"Locum") -> 2
D13: PM JMS | F13: =COUNTIF(F$54:F$102,"1???-0000*") -> 8 | G13: =COUNTIF(G$54:G$102,"1???-0000*") -> 9 | H13: =COUNTIF(H$54:H$102,"1???-0000*") -> 8 | I13: =COUNTIF(I$54:I$102,"1???-0000*") -> 8 | J13: =COUNTIF(J$54:J$102,"1???-0000*") -> 8 | K13: =COUNTIF(K$54:K$102,"1???-0000*") -> 8 | L13: =COUNTIF(L$54:L$102,"1???-0000*") -> 9
D14: PM Total | F14: =F12+F13 -> 11 | G14: =G12+G13 -> 12 | H14: =H12+H13 -> 11 | I14: =I12+I13 -> 10 | J14: =J12+J13 -> 10 | K14: =K12+K13 -> 10 | L14: =L12+L13 -> 11
D16: Night | F16: =COUNTIF(F$54:F$99,"2300-0830") -> 5 | G16: =COUNTIF(G$54:G$99,"2300-0830") -> 5 | H16: =COUNTIF(H$54:H$99,"2300-0830") -> 5 | I16: =COUNTIF(I$54:I$99,"2300-0830") -> 4 | J16: =COUNTIF(J$54:J$99,"2300-0830") -> 4 | K16: =COUNTIF(K$54:K$99,"2300-0830") -> 4 | L16: =COUNTIF(L$54:L$99,"2300-0830") -> 4
D18: Name | E18: Emp No | F18: Monday | G18: Tuesday | H18: Wednesday | I18: Thursday | J18: Friday | K18: Saturday | L18: Sunday | N18: Weekly | O18: Leave | P18: Total | R18: PP | S18: PP Contracted
F19: =F2 -> 46160 | G19: =F19+1 -> 46161 | H19: =G19+1 -> 46162 | I19: =H19+1 -> 46163 | J19: =I19+1 -> 46164 | K19: =J19+1 -> 46165 | L19: =K19+1 -> 46166 | N19: (shifts) | O19: (shifts) | R19: (shifts) | S19: (shifts) | U19: AM | V19: PM | W19: CS | X19: Swing | Y19: Weekend
A20: Staff Specialist | D20: Staff Specialist
A21: Paediatric Emergency Consultant | D21: Dr Adam West | E21: =IFERROR(VLOOKUP(D21,'Employee Numbers'!$A$3:$B$84,2,FALSE),"NOT FOUND") -> 287628 | F21: 0800-1730 CS | G21: 0800-1730 CS | H21: 0800-1730 CS | J21: 1430-0000 | N21: {=((SUM(IFERROR((TEXT(IF(ISNUMBER(SEARCH("-", F21:L21)), MID(F21:L21, SEARCH("-", F21:L21) + 1, 4), ""), "00\:00") - TEXT(IF(ISNUMBER(SEARCH("-", F21:L21)), MID(F21:L21, SEARCH("-", F21:L21) - 4, 4), ""), "00\:00") + IF(TEXT(IF(ISNUMBER(SEARCH("-", F21:L21)), MID(F21:L21, SEARCH("-", F21:L21) + 1, 4), ""), "00\:00") < TEXT(IF(ISNUMBER(SEARCH("-", F21:L21)), MID(F21:L21, SEARCH("-", F21:L21) - 4, 4), ""), "00\:00"), 1, 0))*24,""))))/9.5} -> 4 | P21: =N21+O21 -> 4 | R21: =IF($C$4=1,SUM(P21+INDIRECT("'Week "&($B$3+1)&"'!P"&(ROW()))),IF($C$4=2,SUM(P21+INDIRECT("'Week "&($B$3-1)&"'!P"&(ROW()))))) -> 8 | S21: =(IFERROR(VLOOKUP(D21,'Employee Numbers'!$A$3:$C$84,3,FALSE),"NOT FOUND"))*8 -> 8 | U21: =COUNTIF(E21:K21,"0800-1730") -> 0 | V21: =COUNTIF(F21:L21,"1???-00?0") -> 1 | W21: =COUNTIF(F21:L21,"*0800-1730*CS*")+COUNTIF(F21:L21,"*0800-1730*DEMT*") -> 3 | Y21: =COUNTIF(K21:L21,"???0-*") -> 0
A22: Paediatric Emergency Consultant | D22: Dr Toby VanHest | E22: =IFERROR(VLOOKUP(D22,'Employee Numbers'!$A$3:$B$84,2,FALSE),"NOT FOUND") -> 609660 | F22: 0800-1730 CS | G22: 0800-1730 CS | H22: 0800-1730 | J22: 1430-0000 | N22: {=((SUM(IFERROR((TEXT(IF(ISNUMBER(SEARCH("-", F22:L22)), MID(F22:L22, SEARCH("-", F22:L22) + 1, 4), ""), "00\:00") - TEXT(IF(ISNUMBER(SEARCH("-", F22:L22)), MID(F22:L22, SEARCH("-", F22:L22) - 4, 4), ""), "00\:00") + IF(TEXT(IF(ISNUMBER(SEARCH("-", F22:L22)), MID(F22:L22, SEARCH("-", F22:L22) + 1, 4), ""), "00\:00") < TEXT(IF(ISNUMBER(SEARCH("-", F22:L22)), MID(F22:L22, SEARCH("-", F22:L22) - 4, 4), ""), "00\:00"), 1, 0))*24,""))))/9.5} -> 4 | P22: =N22+O22 -> 4 | R22: =IF($C$4=1,SUM(P22+INDIRECT("'Week "&($B$3+1)&"'!P"&(ROW()))),IF($C$4=2,SUM(P22+INDIRECT("'Week "&($B$3-1)&"'!P"&(ROW()))))) -> 8 | S22: =(IFERROR(VLOOKUP(D22,'Employee Numbers'!$A$3:$C$84,3,FALSE),"NOT FOUND"))*8 -> 8 | U22: =COUNTIF(E22:K22,"0800-1730") -> 1 | V22: =COUNTIF(F22:L22,"1???-00?0") -> 1 | W22: =COUNTIF(F22:L22,"*0800-1730*CS*")+COUNTIF(F22:L22,"*0800-1730*DEMT*") -> 2 | Y22: =COUNTIF(K22:L22,"???0-*") -> 0
A23: Paediatric Emergency Consultant | D23: Dr Bob Seith | E23: =IFERROR(VLOOKUP(D23,'Employee Numbers'!$A$3:$B$84,2,FALSE),"NOT FOUND") -> 610036 | F23: 0800-1730 OCS | G23: 0800-1730 | H23: 0800-1730 DEMT | J23: 0800-1730 | N23: {=((SUM(IFERROR((TEXT(IF(ISNUMBER(SEARCH("-", F23:L23)), MID(F23:L23, SEARCH("-", F23:L23) + 1, 4), ""), "00\:00") - TEXT(IF(ISNUMBER(SEARCH("-", F23:L23)), MID(F23:L23, SEARCH("-", F23:L23) - 4, 4), ""), "00\:00") + IF(TEXT(IF(ISNUMBER(SEARCH("-", F23:L23)), MID(F23:L23, SEARCH("-", F23:L23) + 1, 4), ""), "00\:00") < TEXT(IF(ISNUMBER(SEARCH("-", F23:L23)), MID(F23:L23, SEARCH("-", F23:L23) - 4, 4), ""), "00\:00"), 1, 0))*24,""))))/9.5} -> 4 | P23: =N23+O23 -> 4 | R23: =IF($C$4=1,SUM(P23+INDIRECT("'Week "&($B$3+1)&"'!P"&(ROW()))),IF($C$4=2,SUM(P23+INDIRECT("'Week "&($B$3-1)&"'!P"&(ROW()))))) -> 8 | S23: =(IFERROR(VLOOKUP(D23,'Employee Numbers'!$A$3:$C$84,3,FALSE),"NOT FOUND"))*8 -> 8 | U23: =COUNTIF(E23:K23,"0800-1730") -> 2 | V23: =COUNTIF(F23:L23,"1???-00?0") -> 0 | W23: =COUNTIF(F23:L23,"*0800-1730*CS*")+COUNTIF(F23:L23,"*0800-1730*DEMT*") -> 2 | Y23: =COUNTIF(K23:L23,"???0-*") -> 0
A24: Paediatric Emergency Consultant | D24: Dr Simon Craig | E24: =IFERROR(VLOOKUP(D24,'Employee Numbers'!$A$3:$B$84,2,FALSE),"NOT FOUND") -> 533509 | F24: SAB/L | G24: SAB/L | H24: SAB/L | K24: SAB/L | L24: SAB/L | N24: {=((SUM(IFERROR((TEXT(IF(ISNUMBER(SEARCH("-", F24:L24)), MID(F24:L24, SEARCH("-", F24:L24) + 1, 4), ""), "00\:00") - TEXT(IF(ISNUMBER(SEARCH("-", F24:L24)), MID(F24:L24, SEARCH("-", F24:L24) - 4, 4), ""), "00\:00") + IF(TEXT(IF(ISNUMBER(SEARCH("-", F24:L24)), MID(F24:L24, SEARCH("-", F24:L24) + 1, 4), ""), "00\:00") < TEXT(IF(ISNUMBER(SEARCH("-", F24:L24)), MID(F24:L24, SEARCH("-", F24:L24) - 4, 4), ""), "00\:00"), 1, 0))*24,""))))/9.5} -> 0 | P24: =N24+O24 -> 0 | R24: =IF($C$4=1,SUM(P24+INDIRECT("'Week "&($B$3+1)&"'!P"&(ROW()))),IF($C$4=2,SUM(P24+INDIRECT("'Week "&($B$3-1)&"'!P"&(ROW()))))) -> 0 | S24: =(IFERROR(VLOOKUP(D24,'Employee Numbers'!$A$3:$C$84,3,FALSE),"NOT FOUND"))*8 -> 0 | U24: =COUNTIF(E24:K24,"0800-1730") -> 0 | V24: =COUNTIF(F24:L24,"1???-00?0") -> 0 | W24: =COUNTIF(F24:L24,"*0800-1730*CS*")+COUNTIF(F24:L24,"*0800-1730*DEMT*") -> 0 | Y24: =COUNTIF(K24:L24,"???0-*") -> 0
A25: Paediatric Emergency Consultant | D25: Dr Celia Bagshaw | E25: =IFERROR(VLOOKUP(D25,'Employee Numbers'!$A$3:$B$84,2,FALSE),"NOT FOUND") -> 625985 | F25: 1430-0000 | G25: 0800-1730 CS | H25: 0800-1730 | I25: 0800-1730 | N25: {=((SUM(IFERROR((TEXT(IF(ISNUMBER(SEARCH("-", F25:L25)), MID(F25:L25, SEARCH("-", F25:L25) + 1, 4), ""), "00\:00") - TEXT(IF(ISNUMBER(SEARCH("-", F25:L25)), MID(F25:L25, SEARCH("-", F25:L25) - 4, 4), ""), "00\:00") + IF(TEXT(IF(ISNUMBER(SEARCH("-", F25:L25)), MID(F25:L25, SEARCH("-", F25:L25) + 1, 4), ""), "00\:00") < TEXT(IF(ISNUMBER(SEARCH("-", F25:L25)), MID(F25:L25, SEARCH("-", F25:L25) - 4, 4), ""), "00\:00"), 1, 0))*24,""))))/9.5} -> 4 | P25: =N25+O25 -> 4 | R25: =IF($C$4=1,SUM(P25+INDIRECT("'Week "&($B$3+1)&"'!P"&(ROW()))),IF($C$4=2,SUM(P25+INDIRECT("'Week "&($B$3-1)&"'!P"&(ROW()))))) -> 8 | S25: =(IFERROR(VLOOKUP(D25,'Employee Numbers'!$A$3:$C$84,3,FALSE),"NOT FOUND"))*8 -> 8 | U25: =COUNTIF(E25:K25,"0800-1730") -> 2 | V25: =COUNTIF(F25:L25,"1???-00?0") -> 1 | W25: =COUNTIF(F25:L25,"*0800-1730*CS*")+COUNTIF(F25:L25,"*0800-1730*DEMT*") -> 1 | Y25: =COUNTIF(K25:L25,"???0-*") -> 0
A26: Paediatric Emergency Consultant | D26: Dr Adnan Bilgrami | E26: =IFERROR(VLOOKUP(D26,'Employee Numbers'!$A$3:$B$84,2,FALSE),"NOT FOUND") -> 632301 | H26: 0800-1730 CS | I26: 1430-0000 | K26: 0800-1730 | L26: 0800-1730 | N26: {=((SUM(IFERROR((TEXT(IF(ISNUMBER(SEARCH("-", F26:L26)), MID(F26:L26, SEARCH("-", F26:L26) + 1, 4), ""), "00\:00") - TEXT(IF(ISNUMBER(SEARCH("-", F26:L26)), MID(F26:L26, SEARCH("-", F26:L26) - 4, 4), ""), "00\:00") + IF(TEXT(IF(ISNUMBER(SEARCH("-", F26:L26)), MID(F26:L26, SEARCH("-", F26:L26) + 1, 4), ""), "00\:00") < TEXT(IF(ISNUMBER(SEARCH("-", F26:L26)), MID(F26:L26, SEARCH("-", F26:L26) - 4, 4), ""), "00\:00"), 1, 0))*24,""))))/9.5} -> 4 | P26: =N26+O26 -> 4 | R26: =IF($C$4=1,SUM(P26+INDIRECT("'Week "&($B$3+1)&"'!P"&(ROW()))),IF($C$4=2,SUM(P26+INDIRECT("'Week "&($B$3-1)&"'!P"&(ROW()))))) -> 8 | S26: =(IFERROR(VLOOKUP(D26,'Employee Numbers'!$A$3:$C$84,3,FALSE),"NOT FOUND"))*8 -> 8 | U26: =COUNTIF(E26:K26,"0800-1730") -> 1 | V26: =COUNTIF(F26:L26,"1???-00?0") -> 1 | W26: =COUNTIF(F26:L26,"*0800-1730*CS*")+COUNTIF(F26:L26,"*0800-1730*DEMT*") -> 1 | Y26: =COUNTIF(K26:L26,"???0-*") -> 2
A27: Paediatric Emergency Consultant | D27: Dr Preeti Ramaswamy | E27: =IFERROR(VLOOKUP(D27,'Employee Numbers'!$A$3:$B$84,2,FALSE),"NOT FOUND") -> 613891 | F27: 0800-1730 | H27: 0800-1730 CS | I27: 0800-1730 | N27: {=((SUM(IFERROR((TEXT(IF(ISNUMBER(SEARCH("-", F27:L27)), MID(F27:L27, SEARCH("-", F27:L27) + 1, 4), ""), "00\:00") - TEXT(IF(ISNUMBER(SEARCH("-", F27:L27)), MID(F27:L27, SEARCH("-", F27:L27) - 4, 4), ""), "00\:00") + IF(TEXT(IF(ISNUMBER(SEARCH("-", F27:L27)), MID(F27:L27, SEARCH("-", F27:L27) + 1, 4), ""), "00\:00") < TEXT(IF(ISNUMBER(SEARCH("-", F27:L27)), MID(F27:L27, SEARCH("-", F27:L27) - 4, 4), ""), "00\:00"), 1, 0))*24,""))))/9.5} -> 3 | P27: =N27+O27 -> 3 | R27: =IF($C$4=1,SUM(P27+INDIRECT("'Week "&($B$3+1)&"'!P"&(ROW()))),IF($C$4=2,SUM(P27+INDIRECT("'Week "&($B$3-1)&"'!P"&(ROW()))))) -> 6 | S27: =(IFERROR(VLOOKUP(D27,'Employee Numbers'!$A$3:$C$84,3,FALSE),"NOT FOUND"))*8 -> 6 | U27: =COUNTIF(E27:K27,"0800-1730") -> 2 | V27: =COUNTIF(F27:L27,"1???-00?0") -> 0 | W27: =COUNTIF(F27:L27,"*0800-1730*CS*")+COUNTIF(F27:L27,"*0800-1730*DEMT*") -> 1 | Y27: =COUNTIF(K27:L27,"???0-*") -> 0
A28: Paediatric Emergency Consultant | D28: Dr Erin Mills | E28: =IFERROR(VLOOKUP(D28,'Employee Numbers'!$A$3:$B$84,2,FALSE),"NOT FOUND") -> 623657 | H28: 1430-0000 | N28: {=((SUM(IFERROR((TEXT(IF(ISNUMBER(SEARCH("-", F28:L28)), MID(F28:L28, SEARCH("-", F28:L28) + 1, 4), ""), "00\:00") - TEXT(IF(ISNUMBER(SEARCH("-", F28:L28)), MID(F28:L28, SEARCH("-", F28:L28) - 4, 4), ""), "00\:00") + IF(TEXT(IF(ISNUMBER(SEARCH("-", F28:L28)), MID(F28:L28, SEARCH("-", F28:L28) + 1, 4), ""), "00\:00") < TEXT(IF(ISNUMBER(SEARCH("-", F28:L28)), MID(F28:L28, SEARCH("-", F28:L28) - 4, 4), ""), "00\:00"), 1, 0))*24,""))))/9.5} -> 1 | P28: =N28+O28 -> 1 | R28: =IF($C$4=1,SUM(P28+INDIRECT("'Week "&($B$3+1)&"'!P"&(ROW()))),IF($C$4=2,SUM(P28+INDIRECT("'Week "&($B$3-1)&"'!P"&(ROW()))))) -> 2 | S28: =(IFERROR(VLOOKUP(D28,'Employee Numbers'!$A$3:$C$84,3,FALSE),"NOT FOUND"))*8 -> 2 | U28: =COUNTIF(E28:K28,"0800-1730") -> 0 | V28: =COUNTIF(F28:L28,"1???-00?0") -> 1 | W28: =COUNTIF(F28:L28,"*0800-1730*CS*")+COUNTIF(F28:L28,"*0800-1730*DEMT*") -> 0 | Y28: =COUNTIF(K28:L28,"???0-*") -> 0
A29: Paediatric Emergency Consultant | D29: Dr Stella Robinson | E29: =IFERROR(VLOOKUP(D29,'Employee Numbers'!$A$3:$B$84,2,FALSE),"NOT FOUND") -> 623708 | F29: 1430-0000 | H29: 0800-1730 CS | J29: 0800-1730 | N29: {=((SUM(IFERROR((TEXT(IF(ISNUMBER(SEARCH("-", F29:L29)), MID(F29:L29, SEARCH("-", F29:L29) + 1, 4), ""), "00\:00") - TEXT(IF(ISNUMBER(SEARCH("-", F29:L29)), MID(F29:L29, SEARCH("-", F29:L29) - 4, 4), ""), "00\:00") + IF(TEXT(IF(ISNUMBER(SEARCH("-", F29:L29)), MID(F29:L29, SEARCH("-", F29:L29) + 1, 4), ""), "00\:00") < TEXT(IF(ISNUMBER(SEARCH("-", F29:L29)), MID(F29:L29, SEARCH("-", F29:L29) - 4, 4), ""), "00\:00"), 1, 0))*24,""))))/9.5} -> 3 | P29: =N29+O29 -> 3 | R29: =IF($C$4=1,SUM(P29+INDIRECT("'Week "&($B$3+1)&"'!P"&(ROW()))),IF($C$4=2,SUM(P29+INDIRECT("'Week "&($B$3-1)&"'!P"&(ROW()))))) -> 6 | S29: =(IFERROR(VLOOKUP(D29,'Employee Numbers'!$A$3:$C$84,3,FALSE),"NOT FOUND"))*8 -> 6 | U29: =COUNTIF(E29:K29,"0800-1730") -> 1 | V29: =COUNTIF(F29:L29,"1???-00?0") -> 1 | W29: =COUNTIF(F29:L29,"*0800-1730*CS*")+COUNTIF(F29:L29,"*0800-1730*DEMT*") -> 1 | Y29: =COUNTIF(K29:L29,"???0-*") -> 0
A30: Paediatric Emergency Consultant | D30: Dr Bev Thompson | E30: =IFERROR(VLOOKUP(D30,'Employee Numbers'!$A$3:$B$84,2,FALSE),"NOT FOUND") -> 627680 | H30: 0800-1730 CS | I30: 1430-0000 | K30: 0800-1730 | N30: {=((SUM(IFERROR((TEXT(IF(ISNUMBER(SEARCH("-", F30:L30)), MID(F30:L30, SEARCH("-", F30:L30) + 1, 4), ""), "00\:00") - TEXT(IF(ISNUMBER(SEARCH("-", F30:L30)), MID(F30:L30, SEARCH("-", F30:L30) - 4, 4), ""), "00\:00") + IF(TEXT(IF(ISNUMBER(SEARCH("-", F30:L30)), MID(F30:L30, SEARCH("-", F30:L30) + 1, 4), ""), "00\:00") < TEXT(IF(ISNUMBER(SEARCH("-", F30:L30)), MID(F30:L30, SEARCH("-", F30:L30) - 4, 4), ""), "00\:00"), 1, 0))*24,""))))/9.5} -> 3 | P30: =N30+O30 -> 3 | R30: =IF($C$4=1,SUM(P30+INDIRECT("'Week "&($B$3+1)&"'!P"&(ROW()))),IF($C$4=2,SUM(P30+INDIRECT("'Week "&($B$3-1)&"'!P"&(ROW()))))) -> 6 | S30: =(IFERROR(VLOOKUP(D30,'Employee Numbers'!$A$3:$C$84,3,FALSE),"NOT FOUND"))*8 -> 6 | U30: =COUNTIF(E30:K30,"0800-1730") -> 1 | V30: =COUNTIF(F30:L30,"1???-00?0") -> 1 | W30: =COUNTIF(F30:L30,"*0800-1730*CS*")+COUNTIF(F30:L30,"*0800-1730*DEMT*") -> 1 | Y30: =COUNTIF(K30:L30,"???0-*") -> 1
A31: Paediatric Emergency Consultant | D31: Dr John Unwin | E31: =IFERROR(VLOOKUP(D31,'Employee Numbers'!$A$3:$B$84,2,FALSE),"NOT FOUND") -> 633210 | G31: 0800-1730 | H31: 1430-0000 | I31: 0800-1730 CS | N31: {=((SUM(IFERROR((TEXT(IF(ISNUMBER(SEARCH("-", F31:L31)), MID(F31:L31, SEARCH("-", F31:L31) + 1, 4), ""), "00\:00") - TEXT(IF(ISNUMBER(SEARCH("-", F31:L31)), MID(F31:L31, SEARCH("-", F31:L31) - 4, 4), ""), "00\:00") + IF(TEXT(IF(ISNUMBER(SEARCH("-", F31:L31)), MID(F31:L31, SEARCH("-", F31:L31) + 1, 4), ""), "00\:00") < TEXT(IF(ISNUMBER(SEARCH("-", F31:L31)), MID(F31:L31, SEARCH("-", F31:L31) - 4, 4), ""), "00\:00"), 1, 0))*24,""))))/9.5} -> 3 | P31: =N31+O31 -> 3 | R31: =IF($C$4=1,SUM(P31+INDIRECT("'Week "&($B$3+1)&"'!P"&(ROW()))),IF($C$4=2,SUM(P31+INDIRECT("'Week "&($B$3-1)&"'!P"&(ROW()))))) -> 6 | S31: =(IFERROR(VLOOKUP(D31,'Employee Numbers'!$A$3:$C$84,3,FALSE),"NOT FOUND"))*8 -> 6 | U31: =COUNTIF(E31:K31,"0800-1730") -> 1 | V31: =COUNTIF(F31:L31,"1???-00?0") -> 1 | W31: =COUNTIF(F31:L31,"*0800-1730*CS*")+COUNTIF(F31:L31,"*0800-1730*DEMT*") -> 1 | Y31: =COUNTIF(K31:L31,"???0-*") -> 0
A32: Paediatric Emergency Consultant | D32: Dr Siri Samudrala | E32: =IFERROR(VLOOKUP(D32,'Employee Numbers'!$A$3:$B$84,2,FALSE),"NOT FOUND") -> 618952 | G32: 0800-1730 | I32: 0800-1730 CS | K32: 1500-0030 | N32: {=((SUM(IFERROR((TEXT(IF(ISNUMBER(SEARCH("-", F32:L32)), MID(F32:L32, SEARCH("-", F32:L32) + 1, 4), ""), "00\:00") - TEXT(IF(ISNUMBER(SEARCH("-", F32:L32)), MID(F32:L32, SEARCH("-", F32:L32) - 4, 4), ""), "00\:00") + IF(TEXT(IF(ISNUMBER(SEARCH("-", F32:L32)), MID(F32:L32, SEARCH("-", F32:L32) + 1, 4), ""), "00\:00") < TEXT(IF(ISNUMBER(SEARCH("-", F32:L32)), MID(F32:L32, SEARCH("-", F32:L32) - 4, 4), ""), "00\:00"), 1, 0))*24,""))))/9.5} -> 3 | P32: =N32+O32 -> 3 | R32: =IF($C$4=1,SUM(P32+INDIRECT("'Week "&($B$3+1)&"'!P"&(ROW()))),IF($C$4=2,SUM(P32+INDIRECT("'Week "&($B$3-1)&"'!P"&(ROW()))))) -> 6 | S32: =(IFERROR(VLOOKUP(D32,'Employee Numbers'!$A$3:$C$84,3,FALSE),"NOT FOUND"))*8 -> 6 | U32: =COUNTIF(E32:K32,"0800-1730") -> 1 | V32: =COUNTIF(F32:L32,"1???-00?0") -> 1 | W32: =COUNTIF(F32:L32,"*0800-1730*CS*")+COUNTIF(F32:L32,"*0800-1730*DEMT*") -> 1 | Y32: =COUNTIF(K32:L32,"???0-*") -> 1
A33: Paediatric Emergency Consultant | D33: Dr Tessa Smith | E33: =IFERROR(VLOOKUP(D33,'Employee Numbers'!$A$3:$B$84,2,FALSE),"NOT FOUND") -> 649039 | G33: 1430-0000 | H33: 0800-1730 CS | N33: {=((SUM(IFERROR((TEXT(IF(ISNUMBER(SEARCH("-", F33:L33)), MID(F33:L33, SEARCH("-", F33:L33) + 1, 4), ""), "00\:00") - TEXT(IF(ISNUMBER(SEARCH("-", F33:L33)), MID(F33:L33, SEARCH("-", F33:L33) - 4, 4), ""), "00\:00") + IF(TEXT(IF(ISNUMBER(SEARCH("-", F33:L33)), MID(F33:L33, SEARCH("-", F33:L33) + 1, 4), ""), "00\:00") < TEXT(IF(ISNUMBER(SEARCH("-", F33:L33)), MID(F33:L33, SEARCH("-", F33:L33) - 4, 4), ""), "00\:00"), 1, 0))*24,""))))/9.5} -> 2 | P33: =N33+O33 -> 2 | R33: =IF($C$4=1,SUM(P33+INDIRECT("'Week "&($B$3+1)&"'!P"&(ROW()))),IF($C$4=2,SUM(P33+INDIRECT("'Week "&($B$3-1)&"'!P"&(ROW()))))) -> 5 | S33: =(IFERROR(VLOOKUP(D33,'Employee Numbers'!$A$3:$C$84,3,FALSE),"NOT FOUND"))*8 -> 5 | U33: =COUNTIF(E33:K33,"0800-1730") -> 0 | V33: =COUNTIF(F33:L33,"1???-00?0") -> 1 | W33: =COUNTIF(F33:L33,"*0800-1730*CS*")+COUNTIF(F33:L33,"*0800-1730*DEMT*") -> 1 | Y33: =COUNTIF(K33:L33,"???0-*") -> 0
A34: Paediatric Emergency Consultant | D34: Dr Brad Dent | E34: =IFERROR(VLOOKUP(D34,'Employee Numbers'!$A$3:$B$84,2,FALSE),"NOT FOUND") -> 649671 | F34: A/L | G34: A/L | H34: A/L | I34: A/L | J34: A/L | K34: A/L | L34: A/L | N34: {=((SUM(IFERROR((TEXT(IF(ISNUMBER(SEARCH("-", F34:L34)), MID(F34:L34, SEARCH("-", F34:L34) + 1, 4), ""), "00\:00") - TEXT(IF(ISNUMBER(SEARCH("-", F34:L34)), MID(F34:L34, SEARCH("-", F34:L34) - 4, 4), ""), "00\:00") + IF(TEXT(IF(ISNUMBER(SEARCH("-", F34:L34)), MID(F34:L34, SEARCH("-", F34:L34) + 1, 4), ""), "00\:00") < TEXT(IF(ISNUMBER(SEARCH("-", F34:L34)), MID(F34:L34, SEARCH("-", F34:L34) - 4, 4), ""), "00\:00"), 1, 0))*24,""))))/9.5} -> 0 | O34: 3 | P34: =N34+O34 -> 3 | R34: =IF($C$4=1,SUM(P34+INDIRECT("'Week "&($B$3+1)&"'!P"&(ROW()))),IF($C$4=2,SUM(P34+INDIRECT("'Week "&($B$3-1)&"'!P"&(ROW()))))) -> 6 | S34: =(IFERROR(VLOOKUP(D34,'Employee Numbers'!$A$3:$C$84,3,FALSE),"NOT FOUND"))*8 -> 6 | U34: =COUNTIF(E34:K34,"0800-1730") -> 0 | V34: =COUNTIF(F34:L34,"1???-00?0") -> 0 | W34: =COUNTIF(F34:L34,"*0800-1730*CS*")+COUNTIF(F34:L34,"*0800-1730*DEMT*") -> 0 | Y34: =COUNTIF(K34:L34,"???0-*") -> 0
A35: Paediatric Emergency Consultant | D35: Dr Marjolein Slaa | E35: =IFERROR(VLOOKUP(D35,'Employee Numbers'!$A$3:$B$84,2,FALSE),"NOT FOUND") -> 646047 | G35: 0800-1730 CS | H35: 0800-1730 | N35: {=((SUM(IFERROR((TEXT(IF(ISNUMBER(SEARCH("-", F35:L35)), MID(F35:L35, SEARCH("-", F35:L35) + 1, 4), ""), "00\:00") - TEXT(IF(ISNUMBER(SEARCH("-", F35:L35)), MID(F35:L35, SEARCH("-", F35:L35) - 4, 4), ""), "00\:00") + IF(TEXT(IF(ISNUMBER(SEARCH("-", F35:L35)), MID(F35:L35, SEARCH("-", F35:L35) + 1, 4), ""), "00\:00") < TEXT(IF(ISNUMBER(SEARCH("-", F35:L35)), MID(F35:L35, SEARCH("-", F35:L35) - 4, 4), ""), "00\:00"), 1, 0))*24,""))))/9.5} -> 2 | P35: =N35+O35 -> 2 | R35: =IF($C$4=1,SUM(P35+INDIRECT("'Week "&($B$3+1)&"'!P"&(ROW()))),IF($C$4=2,SUM(P35+INDIRECT("'Week "&($B$3-1)&"'!P"&(ROW()))))) -> 4 | S35: =(IFERROR(VLOOKUP(D35,'Employee Numbers'!$A$3:$C$84,3,FALSE),"NOT FOUND"))*8 -> 5 | U35: =COUNTIF(E35:K35,"0800-1730") -> 1 | V35: =COUNTIF(F35:L35,"1???-00?0") -> 0 | W35: =COUNTIF(F35:L35,"*0800-1730*CS*")+COUNTIF(F35:L35,"*0800-1730*DEMT*") -> 1 | Y35: =COUNTIF(K35:L35,"???0-*") -> 0
A36: Paediatric Emergency Consultant | D36: Dr Natalie Hood | E36: =IFERROR(VLOOKUP(D36,'Employee Numbers'!$A$3:$B$84,2,FALSE),"NOT FOUND") -> 164003 | G36: 0800-1730 CS | I36: 0800-1730 CS | N36: {=((SUM(IFERROR((TEXT(IF(ISNUMBER(SEARCH("-", F36:L36)), MID(F36:L36, SEARCH("-", F36:L36) + 1, 4), ""), "00\:00") - TEXT(IF(ISNUMBER(SEARCH("-", F36:L36)), MID(F36:L36, SEARCH("-", F36:L36) - 4, 4), ""), "00\:00") + IF(TEXT(IF(ISNUMBER(SEARCH("-", F36:L36)), MID(F36:L36, SEARCH("-", F36:L36) + 1, 4), ""), "00\:00") < TEXT(IF(ISNUMBER(SEARCH("-", F36:L36)), MID(F36:L36, SEARCH("-", F36:L36) - 4, 4), ""), "00\:00"), 1, 0))*24,""))))/9.5} -> 2 | P36: =N36+O36 -> 2 | R36: =IF($C$4=1,SUM(P36+INDIRECT("'Week "&($B$3+1)&"'!P"&(ROW()))),IF($C$4=2,SUM(P36+INDIRECT("'Week "&($B$3-1)&"'!P"&(ROW()))))) -> 4 | S36: =(IFERROR(VLOOKUP(D36,'Employee Numbers'!$A$3:$C$84,3,FALSE),"NOT FOUND"))*8 -> 4 | U36: =COUNTIF(E36:K36,"0800-1730") -> 0 | V36: =COUNTIF(F36:L36,"1???-00?0") -> 0 | W36: =COUNTIF(F36:L36,"*0800-1730*CS*")+COUNTIF(F36:L36,"*0800-1730*DEMT*") -> 2 | Y36: =COUNTIF(K36:L36,"???0-*") -> 0
A37: Paediatric Emergency Consultant | D37: Dr Michael Coman | E37: =IFERROR(VLOOKUP(D37,'Employee Numbers'!$A$3:$B$84,2,FALSE),"NOT FOUND") -> 609408 | G37: 1430-0000 | H37: 0800-1730 OCS | I37: 0800-1730 | J37: 0800-1730 | N37: {=((SUM(IFERROR((TEXT(IF(ISNUMBER(SEARCH("-", F37:L37)), MID(F37:L37, SEARCH("-", F37:L37) + 1, 4), ""), "00\:00") - TEXT(IF(ISNUMBER(SEARCH("-", F37:L37)), MID(F37:L37, SEARCH("-", F37:L37) - 4, 4), ""), "00\:00") + IF(TEXT(IF(ISNUMBER(SEARCH("-", F37:L37)), MID(F37:L37, SEARCH("-", F37:L37) + 1, 4), ""), "00\:00") < TEXT(IF(ISNUMBER(SEARCH("-", F37:L37)), MID(F37:L37, SEARCH("-", F37:L37) - 4, 4), ""), "00\:00"), 1, 0))*24,""))))/9.5} -> 4 | P37: =N37+O37 -> 4 | R37: =IF($C$4=1,SUM(P37+INDIRECT("'Week "&($B$3+1)&"'!P"&(ROW()))),IF($C$4=2,SUM(P37+INDIRECT("'Week "&($B$3-1)&"'!P"&(ROW()))))) -> 4 | S37: =(IFERROR(VLOOKUP(D37,'Employee Numbers'!$A$3:$C$84,3,FALSE),"NOT FOUND"))*8 -> 4 | U37: =COUNTIF(E37:K37,"0800-1730") -> 2 | V37: =COUNTIF(F37:L37,"1???-00?0") -> 1 | W37: =COUNTIF(F37:L37,"*0800-1730*CS*")+COUNTIF(F37:L37,"*0800-1730*DEMT*") -> 1 | Y37: =COUNTIF(K37:L37,"???0-*") -> 0
A38: Paediatric Emergency Consultant | D38: Dr Andrew Hardy | E38: =IFERROR(VLOOKUP(D38,'Employee Numbers'!$A$3:$B$84,2,FALSE),"NOT FOUND") -> 627619 | F38: 1430-0000 | H38: 1430-0000 | N38: {=((SUM(IFERROR((TEXT(IF(ISNUMBER(SEARCH("-", F38:L38)), MID(F38:L38, SEARCH("-", F38:L38) + 1, 4), ""), "00\:00") - TEXT(IF(ISNUMBER(SEARCH("-", F38:L38)), MID(F38:L38, SEARCH("-", F38:L38) - 4, 4), ""), "00\:00") + IF(TEXT(IF(ISNUMBER(SEARCH("-", F38:L38)), MID(F38:L38, SEARCH("-", F38:L38) + 1, 4), ""), "00\:00") < TEXT(IF(ISNUMBER(SEARCH("-", F38:L38)), MID(F38:L38, SEARCH("-", F38:L38) - 4, 4), ""), "00\:00"), 1, 0))*24,""))))/9.5} -> 2 | P38: =N38+O38 -> 2 | R38: =IF($C$4=1,SUM(P38+INDIRECT("'Week "&($B$3+1)&"'!P"&(ROW()))),IF($C$4=2,SUM(P38+INDIRECT("'Week "&($B$3-1)&"'!P"&(ROW()))))) -> 4 | S38: =(IFERROR(VLOOKUP(D38,'Employee Numbers'!$A$3:$C$84,3,FALSE),"NOT FOUND"))*8 -> 4 | U38: =COUNTIF(E38:K38,"0800-1730") -> 0 | V38: =COUNTIF(F38:L38,"1???-00?0") -> 2 | W38: =COUNTIF(F38:L38,"*0800-1730*CS*")+COUNTIF(F38:L38,"*0800-1730*DEMT*") -> 0 | Y38: =COUNTIF(K38:L38,"???0-*") -> 0
A39: Paediatric Emergency Consultant | D39: Dr Gargi Kanabar | E39: =IFERROR(VLOOKUP(D39,'Employee Numbers'!$A$3:$B$84,2,FALSE),"NOT FOUND") -> 632646 | F39: 0800-1730 | G39: 1430-0000 | H39: 0800-1730 CS | L39: 1500-0030 | N39: {=((SUM(IFERROR((TEXT(IF(ISNUMBER(SEARCH("-", F39:L39)), MID(F39:L39, SEARCH("-", F39:L39) + 1, 4), ""), "00\:00") - TEXT(IF(ISNUMBER(SEARCH("-", F39:L39)), MID(F39:L39, SEARCH("-", F39:L39) - 4, 4), ""), "00\:00") + IF(TEXT(IF(ISNUMBER(SEARCH("-", F39:L39)), MID(F39:L39, SEARCH("-", F39:L39) + 1, 4), ""), "00\:00") < TEXT(IF(ISNUMBER(SEARCH("-", F39:L39)), MID(F39:L39, SEARCH("-", F39:L39) - 4, 4), ""), "00\:00"), 1, 0))*24,""))))/9.5} -> 4 | P39: =N39+O39 -> 4 | R39: =IF($C$4=1,SUM(P39+INDIRECT("'Week "&($B$3+1)&"'!P"&(ROW()))),IF($C$4=2,SUM(P39+INDIRECT("'Week "&($B$3-1)&"'!P"&(ROW()))))) -> 4 | S39: =(IFERROR(VLOOKUP(D39,'Employee Numbers'!$A$3:$C$84,3,FALSE),"NOT FOUND"))*8 -> 4 | U39: =COUNTIF(E39:K39,"0800-1730") -> 1 | V39: =COUNTIF(F39:L39,"1???-00?0") -> 2 | W39: =COUNTIF(F39:L39,"*0800-1730*CS*")+COUNTIF(F39:L39,"*0800-1730*DEMT*") -> 1 | Y39: =COUNTIF(K39:L39,"???0-*") -> 1
A40: Paediatric Emergency Consultant | D40: Dr Mandy Parr | E40: =IFERROR(VLOOKUP(D40,'Employee Numbers'!$A$3:$B$84,2,FALSE),"NOT FOUND") -> 652844 | N40: {=((SUM(IFERROR((TEXT(IF(ISNUMBER(SEARCH("-", F40:L40)), MID(F40:L40, SEARCH("-", F40:L40) + 1, 4), ""), "00\:00") - TEXT(IF(ISNUMBER(SEARCH("-", F40:L40)), MID(F40:L40, SEARCH("-", F40:L40) - 4, 4), ""), "00\:00") + IF(TEXT(IF(ISNUMBER(SEARCH("-", F40:L40)), MID(F40:L40, SEARCH("-", F40:L40) + 1, 4), ""), "00\:00") < TEXT(IF(ISNUMBER(SEARCH("-", F40:L40)), MID(F40:L40, SEARCH("-", F40:L40) - 4, 4), ""), "00\:00"), 1, 0))*24,""))))/9.5} -> 0 | P40: =N40+O40 -> 0 | R40: =IF($C$4=1,SUM(P40+INDIRECT("'Week "&($B$3+1)&"'!P"&(ROW()))),IF($C$4=2,SUM(P40+INDIRECT("'Week "&($B$3-1)&"'!P"&(ROW()))))) -> 4 | S40: =(IFERROR(VLOOKUP(D40,'Employee Numbers'!$A$3:$C$84,3,FALSE),"NOT FOUND"))*8 -> 4 | U40: =COUNTIF(E40:K40,"0800-1730") -> 0 | V40: =COUNTIF(F40:L40,"1???-00?0") -> 0 | W40: =COUNTIF(F40:L40,"*0800-1730*CS*")+COUNTIF(F40:L40,"*0800-1730*DEMT*") -> 0 | Y40: =COUNTIF(K40:L40,"???0-*") -> 0
A41: Paediatric Emergency Consultant | D41: Dr Tecwyn Davies | E41: =IFERROR(VLOOKUP(D41,'Employee Numbers'!$A$3:$B$84,2,FALSE),"NOT FOUND") -> 634491 | N41: {=((SUM(IFERROR((TEXT(IF(ISNUMBER(SEARCH("-", F41:L41)), MID(F41:L41, SEARCH("-", F41:L41) + 1, 4), ""), "00\:00") - TEXT(IF(ISNUMBER(SEARCH("-", F41:L41)), MID(F41:L41, SEARCH("-", F41:L41) - 4, 4), ""), "00\:00") + IF(TEXT(IF(ISNUMBER(SEARCH("-", F41:L41)), MID(F41:L41, SEARCH("-", F41:L41) + 1, 4), ""), "00\:00") < TEXT(IF(ISNUMBER(SEARCH("-", F41:L41)), MID(F41:L41, SEARCH("-", F41:L41) - 4, 4), ""), "00\:00"), 1, 0))*24,""))))/9.5} -> 0 | P41: =N41+O41 -> 0 | R41: =IF($C$4=1,SUM(P41+INDIRECT("'Week "&($B$3+1)&"'!P"&(ROW()))),IF($C$4=2,SUM(P41+INDIRECT("'Week "&($B$3-1)&"'!P"&(ROW()))))) -> 4 | S41: =(IFERROR(VLOOKUP(D41,'Employee Numbers'!$A$3:$C$84,3,FALSE),"NOT FOUND"))*8 -> 4 | U41: =COUNTIF(E41:K41,"0800-1730") -> 0 | V41: =COUNTIF(F41:L41,"1???-00?0") -> 0 | W41: =COUNTIF(F41:L41,"*0800-1730*CS*")+COUNTIF(F41:L41,"*0800-1730*DEMT*") -> 0 | Y41: =COUNTIF(K41:L41,"???0-*") -> 0
A42: Paediatric Emergency Consultant | D42: Dr Patrick Finn | E42: =IFERROR(VLOOKUP(D42,'Employee Numbers'!$A$3:$B$84,2,FALSE),"NOT FOUND") -> 621988 | F42: PAT/L | G42: PAT/L | H42: PAT/L | I42: PAT/L | J42: PAT/L | K42: PAT/L | L42: PAT/L | N42: {=((SUM(IFERROR((TEXT(IF(ISNUMBER(SEARCH("-", F42:L42)), MID(F42:L42, SEARCH("-", F42:L42) + 1, 4), ""), "00\:00") - TEXT(IF(ISNUMBER(SEARCH("-", F42:L42)), MID(F42:L42, SEARCH("-", F42:L42) - 4, 4), ""), "00\:00") + IF(TEXT(IF(ISNUMBER(SEARCH("-", F42:L42)), MID(F42:L42, SEARCH("-", F42:L42) + 1, 4), ""), "00\:00") < TEXT(IF(ISNUMBER(SEARCH("-", F42:L42)), MID(F42:L42, SEARCH("-", F42:L42) - 4, 4), ""), "00\:00"), 1, 0))*24,""))))/9.5} -> 0 | O42: 2 | P42: =N42+O42 -> 2 | R42: =IF($C$4=1,SUM(P42+INDIRECT("'Week "&($B$3+1)&"'!P"&(ROW()))),IF($C$4=2,SUM(P42+INDIRECT("'Week "&($B$3-1)&"'!P"&(ROW()))))) -> 4 | S42: =(IFERROR(VLOOKUP(D42,'Employee Numbers'!$A$3:$C$84,3,FALSE),"NOT FOUND"))*8 -> 4 | U42: =COUNTIF(E42:K42,"0800-1730") -> 0 | V42: =COUNTIF(F42:L42,"1???-00?0") -> 0 | W42: =COUNTIF(F42:L42,"*0800-1730*CS*")+COUNTIF(F42:L42,"*0800-1730*DEMT*") -> 0 | Y42: =COUNTIF(K42:L42,"???0-*") -> 0
A43: Paediatric Emergency Consultant | D43: Dr Chris Fong | E43: =IFERROR(VLOOKUP(D43,'Employee Numbers'!$A$3:$B$84,2,FALSE),"NOT FOUND") -> 409677 | F43: 0800-1730 | N43: {=((SUM(IFERROR((TEXT(IF(ISNUMBER(SEARCH("-", F43:L43)), MID(F43:L43, SEARCH("-", F43:L43) + 1, 4), ""), "00\:00") - TEXT(IF(ISNUMBER(SEARCH("-", F43:L43)), MID(F43:L43, SEARCH("-", F43:L43) - 4, 4), ""), "00\:00") + IF(TEXT(IF(ISNUMBER(SEARCH("-", F43:L43)), MID(F43:L43, SEARCH("-", F43:L43) + 1, 4), ""), "00\:00") < TEXT(IF(ISNUMBER(SEARCH("-", F43:L43)), MID(F43:L43, SEARCH("-", F43:L43) - 4, 4), ""), "00\:00"), 1, 0))*24,""))))/9.5} -> 1 | P43: =N43+O43 -> 1 | R43: =IF($C$4=1,SUM(P43+INDIRECT("'Week "&($B$3+1)&"'!P"&(ROW()))),IF($C$4=2,SUM(P43+INDIRECT("'Week "&($B$3-1)&"'!P"&(ROW()))))) -> 3 | S43: =(IFERROR(VLOOKUP(D43,'Employee Numbers'!$A$3:$C$84,3,FALSE),"NOT FOUND"))*8 -> 3 | U43: =COUNTIF(E43:K43,"0800-1730") -> 1 | V43: =COUNTIF(F43:L43,"1???-00?0") -> 0 | W43: =COUNTIF(F43:L43,"*0800-1730*CS*")+COUNTIF(F43:L43,"*0800-1730*DEMT*") -> 0 | Y43: =COUNTIF(K43:L43,"???0-*") -> 0
A44: Paediatric Emergency Consultant | D44: Dr Matthew Tang | E44: =IFERROR(VLOOKUP(D44,'Employee Numbers'!$A$3:$B$84,2,FALSE),"NOT FOUND") -> 632590 | I44: 0800-1730 | J44: 0800-1730 OCS | K44: 1500-0030 | L44: 1500-0030 | N44: {=((SUM(IFERROR((TEXT(IF(ISNUMBER(SEARCH("-", F44:L44)), MID(F44:L44, SEARCH("-", F44:L44) + 1, 4), ""), "00\:00") - TEXT(IF(ISNUMBER(SEARCH("-", F44:L44)), MID(F44:L44, SEARCH("-", F44:L44) - 4, 4), ""), "00\:00") + IF(TEXT(IF(ISNUMBER(SEARCH("-", F44:L44)), MID(F44:L44, SEARCH("-", F44:L44) + 1, 4), ""), "00\:00") < TEXT(IF(ISNUMBER(SEARCH("-", F44:L44)), MID(F44:L44, SEARCH("-", F44:L44) - 4, 4), ""), "00\:00"), 1, 0))*24,""))))/9.5} -> 4 | P44: =N44+O44 -> 4 | R44: =IF($C$4=1,SUM(P44+INDIRECT("'Week "&($B$3+1)&"'!P"&(ROW()))),IF($C$4=2,SUM(P44+INDIRECT("'Week "&($B$3-1)&"'!P"&(ROW()))))) -> 4 | S44: =(IFERROR(VLOOKUP(D44,'Employee Numbers'!$A$3:$C$84,3,FALSE),"NOT FOUND"))*8 -> 4 | U44: =COUNTIF(E44:K44,"0800-1730") -> 1 | V44: =COUNTIF(F44:L44,"1???-00?0") -> 2 | W44: =COUNTIF(F44:L44,"*0800-1730*CS*")+COUNTIF(F44:L44,"*0800-1730*DEMT*") -> 1 | Y44: =COUNTIF(K44:L44,"???0-*") -> 2
